gauge_id,dams_names,dams_river_names,dams_num,dams_year_first,dams_year_last,dams_total_lake_area,dams_total_lake_volume,dams_purposes
DE110000,Brändbach Talsperre|Linach Talsperre|Wolterdingen Hochwasserrückhaltebecken,Breg|Brändbach|Linach,3,1922,2012,2.09,7.45,Flood control|Recreational use|Energy production
DE110010,Brändbach Talsperre|Linach Talsperre|Wolterdingen Hochwasserrückhaltebecken,Breg|Brändbach|Linach,3,1922,2012,2.09,7.45,Flood control|Recreational use|Energy production
DE110020,Brändbach Talsperre|KohlstattbrunnenbachHochwasserruckhaltebecken|Linach Talsperre|Wolterdingen Hochwasserrückhaltebecken,Breg|Brändbach|Linach|Kohlstattbrunnenbach,4,1922,2012,2.15,8.35,Flood control|Recreational use|Energy production
DE110030,Brändbach Talsperre|KohlstattbrunnenbachHochwasserruckhaltebecken|Linach Talsperre|Wolterdingen Hochwasserrückhaltebecken,Breg|Brändbach|Linach|Kohlstattbrunnenbach,4,1922,2012,2.15,8.35,Flood control|Recreational use|Energy production
DE110040,Rappenbach Hochwasserrückhaltebecken|Pfaffenrieder Bach Hochwasserrückhaltebecken,Rappenbach|Rot,2,1974,1979,0.72,3.72,Transport|Recreational use|Flood control
DE110060,Urlau Hochwasserrückhaltebecken|Taufach-fetzachmoos Hochwasserrückhaltebecken1,Fetzachgraben|Eschach,2,1933,1995,3.14,4.5,Flood control
DE110080,Urspring,Radelstetter Talgraben,1,1979,1979,,0.24,Flood control
DE110090,,,0,,,0.0,0.0,
DE110100,Brändbach Talsperre|KohlstattbrunnenbachHochwasserruckhaltebecken|Linach Talsperre|Wolterdingen Hochwasserrückhaltebecken,Breg|Brändbach|Linach|Kohlstattbrunnenbach,4,1922,2012,2.15,8.35,Flood control|Recreational use|Energy production
DE110120,,,0,,,0.0,0.0,
DE110130,Rappenbach Hochwasserrückhaltebecken|Pfaffenrieder Bach Hochwasserrückhaltebecken,Rappenbach|Rot,2,1974,1979,0.72,3.72,Transport|Recreational use|Flood control
DE110140,,,0,,,0.0,0.0,
DE110150,Brändbach Talsperre|Linach Talsperre|Wolterdingen Hochwasserrückhaltebecken,Breg|Brändbach|Linach,3,1922,2012,2.09,7.45,Flood control|Recreational use|Energy production
DE110160,,,0,,,0.0,0.0,
DE110170,,,0,,,0.0,0.0,
DE110180,,,0,,,0.0,0.0,
DE110190,,,0,,,0.0,0.0,
DE110200,Nassauer See|Oberstetten|Reutal Hochwasserrückhaltebecken|Aschbachsee Hochwasserruckhaltebecken|Dörtel Hochwasserückhaltebecken,Nassauer Bach|Aschbach|Wachbach|Wildentierbach|Vorbach,5,1968,1984,,1.98,Recreational use|Flood control
DE110210,,,0,,,0.0,0.0,
DE110220,,,0,,,0.0,0.0,
DE110250,,,0,,,0.0,0.0,
DE110260,,,0,,,0.0,0.0,
DE110270,,,0,,,0.0,0.0,
DE110280,,,0,,,0.0,0.0,
DE110290,,,0,,,0.0,0.0,
DE110300,,,0,,,0.0,0.0,
DE110310,Kleine Kinzig,Kleine Kinzig,1,1982,1982,0.62,14.0,Water supply|Energy production
DE110320,,,0,,,0.0,0.0,
DE110330,,,0,,,0.0,0.0,
DE110340,,,0,,,0.0,0.0,
DE110350,,,0,,,0.0,0.0,
DE110360,Schlichem Talsperre,Schlichem,1,1944,1944,0.16,0.9,Flood control|Recreational use|Energy production
DE110370,Schlichem Talsperre,Schlichem,1,1944,1944,0.16,0.9,Flood control|Recreational use|Energy production
DE110380,Nagold talsperre,Nagold,1,1970,1970,0.38,4.5,Transport|Recreational use|Flood control
DE110390,,,0,,,0.0,0.0,
DE110400,Schlichem Talsperre,Schlichem,1,1944,1944,0.16,0.9,Flood control|Recreational use|Energy production
DE110410,Glems OberbeckenPumpspeicherbecken|Glems UnterbeckenTalsperre,Tiefenbach (Glemsbach),2,1964,1964,0.21,2.1,Energy production
DE110420,Lorch-Waldhausen Hochwasserrückhaltebecken,Rems,1,2007,2007,0.32,0.67,Flood control
DE110430,,,0,,,0.0,0.0,
DE110440,,,0,,,0.0,0.0,
DE110450,EhmetsklingeHochwasserruckhaltebecken|Katzenbach Hochwasserrückhaltebecken,Zaber|Katzenbach (Zaber),2,1970,1976,0.29,1.47,Flood control
DE110460,,,0,,,0.0,0.0,
DE110470,,,0,,,0.0,0.0,
DE110480,Bernau W18 hochwasserrückhaltebecken,Elsenz-Schwarzbach,1,2002,2002,,1.0,Flood control
DE110490,,,0,,,0.0,0.0,
DE110500,Christental Hochwasserrückhaltebecken|Simonsbachtal Hochwasserruckhaltenbecken,Simonsbach|Schwarzwiesenbach,2,1979,1982,,0.51,Flood control
DE110510,,,0,,,0.0,0.0,
DE110520,,,0,,,0.0,0.0,
DE110530,Federbach Hochwasserruckhaltenbecken|Götzenbach Hochwasserruckhaltebecken|Rehnenmühle Hochwasserrückhaltebecken|Reichenbach (BW)|Täferrot Hochwasserruckhaltenbecken|Hagerwald Hochwasserrückhaltebecken|Leineck Hochwasserrückhaltebecken,Götzenbach (Lein)|Lein (Kocher)|Schwäbisch Gmünd|Federbach (Lein)|Reichenbach (Lein)|Lein|Rot (Lein),7,1959,1982,2.29,12.53,Recreational use|Flood control
DE110540,,,0,,,0.0,0.0,
DE110550,Beimbach|Bemberg|Buch Hochwasserrückhaltebecken|Mulfingen - Oberes becken Hochwasserruckhaltebecken|Mulfingen - Unteres Becken Hochwasserruckhaltebecken|Schwabsberg Hochwasserruckhaltenbecken|Orrot See|Haselbach Hochwasserrückhaltebecken|Reiglersbach Hochwasserrückhaltebecken|Stockmühle Hochwasserrückhaltebecken,Brettach (Jagst)|Reiglersbach|Jagst|Blaubach (Brettach)|Roggelshäuser Bach|Orrot|Elleberger Rot,10,1960,1987,5.26,12.08,Fishing|Transport|Recreational use|Flood control
DE110560,,,0,,,0.0,0.0,
DE110570,Nagold talsperre,Nagold,1,1970,1970,0.38,4.5,Transport|Recreational use|Flood control
DE110600,,,0,,,0.0,0.0,
DE110610,,,0,,,0.0,0.0,
DE110620,,,0,,,0.0,0.0,
DE110640,,,0,,,0.0,0.0,
DE110650,Urspring,Radelstetter Talgraben,1,1979,1979,,0.24,Flood control
DE110660,,,0,,,0.0,0.0,
DE110670,Urspring,Radelstetter Talgraben,1,1979,1979,,0.24,Flood control
DE110680,Linach Talsperre,Linach,1,1925,1925,1.04,1.15,Recreational use|Energy production
DE110690,,,0,,,0.0,0.0,
DE110700,,,0,,,0.0,0.0,
DE110710,,,0,,,0.0,0.0,
DE110730,,,0,,,0.0,0.0,
DE110750,KohlstattbrunnenbachHochwasserruckhaltebecken,Kohlstattbrunnenbach,1,1982,1982,0.06,0.9,Recreational use|Flood control
DE110780,,,0,,,0.0,0.0,
DE110790,,,0,,,0.0,0.0,
DE110810,,,0,,,0.0,0.0,
DE110820,,,0,,,0.0,0.0,
DE110830,,,0,,,0.0,0.0,
DE110840,,,0,,,0.0,0.0,
DE110860,,,0,,,0.0,0.0,
DE110870,,,0,,,0.0,0.0,
DE110880,,,0,,,0.0,0.0,
DE110900,Brändbach Talsperre|Linach Talsperre|Wolterdingen Hochwasserrückhaltebecken,Breg|Brändbach|Linach,3,1922,2012,2.09,7.45,Flood control|Recreational use|Energy production
DE110920,Forbach Ausgleichsbecken|Murgtalsperre Kirschbaumwasen|Schwarzenbach Talsperre,Murg (Nordschwarzwald),3,1918,1926,,15.0,Recreational use|Energy production
DE110930,,,0,,,0.0,0.0,
DE110940,,,0,,,0.0,0.0,
DE110950,,,0,,,0.0,0.0,
DE110960,Buch Hochwasserrückhaltebecken|Schwabsberg Hochwasserruckhaltenbecken|Haselbach Hochwasserrückhaltebecken|Stockmühle Hochwasserrückhaltebecken,Jagst|Elleberger Rot,4,1970,1987,4.16,4.73,Fishing|Transport|Recreational use|Flood control
DE110970,Beimbach|Bemberg|Buch Hochwasserrückhaltebecken|Schwabsberg Hochwasserruckhaltenbecken|Orrot See|Haselbach Hochwasserrückhaltebecken|Reiglersbach Hochwasserrückhaltebecken|Stockmühle Hochwasserrückhaltebecken,Brettach (Jagst)|Reiglersbach|Jagst|Blaubach (Brettach)|Orrot|Elleberger Rot,8,1960,1987,5.19,11.69,Fishing|Transport|Recreational use|Flood control
DE110980,,,0,,,0.0,0.0,
DE110990,,,0,,,0.0,0.0,
DE111000,,,0,,,0.0,0.0,
DE111010,,,0,,,0.0,0.0,
DE111020,,,0,,,0.0,0.0,
DE111030,Glems OberbeckenPumpspeicherbecken|Glems UnterbeckenTalsperre|Schlichem Talsperre|Segelbach Hochwasserruckhaltenbecken|Sulzbach Hochwasserruckhaltenbecken,Sulzbach (Aich)|Tiefenbach (Glemsbach)|Schlichem|Segelbach,5,1944,1984,0.92,4.1,Flood control|Recreational use|Energy production
DE111040,Lehnenbach Hochwasserruckhaltebecken|Lorch-Waldhausen Hochwasserrückhaltebecken|Schorndorf-Winterbach Hochwasserruckhaltenbecken,Lehnenbach|Rems,3,1963,2007,,2.56,Flood control
DE111060,,,0,,,0.0,0.0,
DE111070,Dagersheim Hochwasserrückhaltebecken,Schwippe,1,1976,1976,0.4,0.86,Flood control
DE111110,,,0,,,0.0,0.0,
DE111120,,,0,,,0.0,0.0,
DE111130,,,0,,,0.0,0.0,
DE111140,,,0,,,0.0,0.0,
DE111150,,,0,,,0.0,0.0,
DE111160,,,0,,,0.0,0.0,
DE111170,,,0,,,0.0,0.0,
DE111180,,,0,,,0.0,0.0,
DE111190,,,0,,,0.0,0.0,
DE111210,,,0,,,0.0,0.0,
DE111220,,,0,,,0.0,0.0,
DE111230,,,0,,,0.0,0.0,
DE111240,,,0,,,0.0,0.0,
DE111250,,,0,,,0.0,0.0,
DE111260,,,0,,,0.0,0.0,
DE111270,,,0,,,0.0,0.0,
DE111280,,,0,,,0.0,0.0,
DE111290,,,0,,,0.0,0.0,
DE111300,Diebach Hochwasserruckhaltebecken,Diebach (Rot),1,1973,1973,0.09,0.38,Flood control
DE111310,,,0,,,0.0,0.0,
DE111320,Nagold talsperre,Nagold,1,1970,1970,0.38,4.5,Transport|Recreational use|Flood control
DE111330,,,0,,,0.0,0.0,
DE111340,,,0,,,0.0,0.0,
DE111350,,,0,,,0.0,0.0,
DE111360,,,0,,,0.0,0.0,
DE111370,,,0,,,0.0,0.0,
DE111380,Segelbach Hochwasserruckhaltenbecken|Sulzbach Hochwasserruckhaltenbecken,Sulzbach (Aich)|Segelbach,2,1981,1984,0.55,1.1,Flood control
DE111390,,,0,,,0.0,0.0,
DE111400,,,0,,,0.0,0.0,
DE111410,,,0,,,0.0,0.0,
DE111420,,,0,,,0.0,0.0,
DE111430,,,0,,,0.0,0.0,
DE111440,,,0,,,0.0,0.0,
DE111450,,,0,,,0.0,0.0,
DE111460,Hohenbodman Hochwasserrückhaltebecken,Linzer Aach,1,1968,1968,,1.15,Flood control
DE111470,,,0,,,0.0,0.0,
DE111480,,,0,,,0.0,0.0,
DE111490,,,0,,,0.0,0.0,
DE111500,,,0,,,0.0,0.0,
DE111510,,,0,,,0.0,0.0,
DE111550,,,0,,,0.0,0.0,
DE111560,Nagold talsperre|Dagersheim Hochwasserrückhaltebecken,Schwippe|Nagold,2,1970,1976,0.78,5.36,Transport|Recreational use|Flood control
DE111570,Buch Hochwasserrückhaltebecken|Schwabsberg Hochwasserruckhaltenbecken|Orrot See|Haselbach Hochwasserrückhaltebecken|Stockmühle Hochwasserrückhaltebecken,Jagst|Elleberger Rot|Orrot,5,1960,1987,4.41,5.61,Fishing|Transport|Recreational use|Flood control
DE111580,,,0,,,0.0,0.0,
DE111590,,,0,,,0.0,0.0,
DE111600,Diebach Hochwasserruckhaltebecken|Federbach Hochwasserruckhaltenbecken|Gnadental Hochwasserruckhaltebecken|Götzenbach Hochwasserruckhaltebecken|Rehnenmühle Hochwasserrückhaltebecken|Reichenbach (BW)|Täferrot Hochwasserruckhaltenbecken|Hagerwald Hochwasserrückhaltebecken|Leineck Hochwasserrückhaltebecken,Diebach (Rot)|Götzenbach (Lein)|Lein (Kocher)|Schwäbisch Gmünd|Federbach (Lein)|Bibers|Reichenbach (Lein)|Lein|Rot (Lein),9,1959,1982,2.63,14.31,Recreational use|Flood control
DE111610,Beimbach|Bemberg|Buch Hochwasserrückhaltebecken|Mulfingen - Oberes becken Hochwasserruckhaltebecken|Mulfingen - Unteres Becken Hochwasserruckhaltebecken|Schwabsberg Hochwasserruckhaltenbecken|Zaisenhausen Hochwasserrückhaltebecken|Orrot See|Haselbach Hochwasserrückhaltebecken|Reiglersbach Hochwasserrückhaltebecken|Stockmühle Hochwasserrückhaltebecken,Brettach (Jagst)|Reiglersbach|Jagst|Blaubach (Brettach)|Roggelshäuser Bach|Kohlbach (Kraichbach)|Orrot|Elleberger Rot,11,1960,1987,5.35,12.55,Fishing|Transport|Recreational use|Flood control
DE111620,,,0,,,0.0,0.0,
DE111630,Diebach Hochwasserruckhaltebecken|Federbach Hochwasserruckhaltenbecken|Gnadental Hochwasserruckhaltebecken|Götzenbach Hochwasserruckhaltebecken|Rehnenmühle Hochwasserrückhaltebecken|Reichenbach (BW)|Täferrot Hochwasserruckhaltenbecken|Hagerwald Hochwasserrückhaltebecken|Leineck Hochwasserrückhaltebecken,Diebach (Rot)|Götzenbach (Lein)|Lein (Kocher)|Schwäbisch Gmünd|Federbach (Lein)|Bibers|Reichenbach (Lein)|Lein|Rot (Lein),9,1959,1982,2.63,14.31,Recreational use|Flood control
DE111640,,,0,,,0.0,0.0,
DE111650,,,0,,,0.0,0.0,
DE111660,,,0,,,0.0,0.0,
DE111670,,,0,,,0.0,0.0,
DE111680,,,0,,,0.0,0.0,
DE111690,,,0,,,0.0,0.0,
DE111700,,,0,,,0.0,0.0,
DE111710,,,0,,,0.0,0.0,
DE111720,Nagold talsperre|Dagersheim Hochwasserrückhaltebecken,Schwippe|Nagold,2,1970,1976,0.78,5.36,Transport|Recreational use|Flood control
DE111730,Christental Hochwasserrückhaltebecken|Herrenbach Hochwasserruckhaltebecken|Simonsbachtal Hochwasserruckhaltenbecken,Simonsbach|Schliffbach Einsiedelbach|Schwarzwiesenbach,3,1976,1982,,2.41,Flood control
DE111740,Diebach Hochwasserruckhaltebecken|Federbach Hochwasserruckhaltenbecken|Götzenbach Hochwasserruckhaltebecken|Rehnenmühle Hochwasserrückhaltebecken|Reichenbach (BW)|Täferrot Hochwasserruckhaltenbecken|Hagerwald Hochwasserrückhaltebecken|Leineck Hochwasserrückhaltebecken,Diebach (Rot)|Götzenbach (Lein)|Lein (Kocher)|Schwäbisch Gmünd|Federbach (Lein)|Reichenbach (Lein)|Lein|Rot (Lein),8,1959,1982,2.38,12.91,Recreational use|Flood control
DE111770,,,0,,,0.0,0.0,
DE111780,,,0,,,0.0,0.0,
DE111790,Urlau Hochwasserrückhaltebecken|Taufach-fetzachmoos Hochwasserrückhaltebecken1,Fetzachgraben|Eschach,2,1933,1995,3.14,4.5,Flood control
DE111810,,,0,,,0.0,0.0,
DE111820,Dagersheim Hochwasserrückhaltebecken,Schwippe,1,1976,1976,0.4,0.86,Flood control
DE111830,,,0,,,0.0,0.0,
DE111840,,,0,,,0.0,0.0,
DE111850,,,0,,,0.0,0.0,
DE111860,,,0,,,0.0,0.0,
DE111870,,,0,,,0.0,0.0,
DE111880,,,0,,,0.0,0.0,
DE111890,Nassauer See|Oberstetten|Reutal Hochwasserrückhaltebecken|Aschbachsee Hochwasserruckhaltebecken|Dörtel Hochwasserückhaltebecken,Nassauer Bach|Aschbach|Wachbach|Wildentierbach|Vorbach,5,1968,1984,,1.98,Recreational use|Flood control
DE111900,,,0,,,0.0,0.0,
DE111910,,,0,,,0.0,0.0,
DE111920,Nagold talsperre|Dagersheim Hochwasserrückhaltebecken,Schwippe|Nagold,2,1970,1976,0.78,5.36,Transport|Recreational use|Flood control
DE111940,Federbach Hochwasserruckhaltenbecken|Götzenbach Hochwasserruckhaltebecken|Rehnenmühle Hochwasserrückhaltebecken|Reichenbach (BW)|Täferrot Hochwasserruckhaltenbecken|Hagerwald Hochwasserrückhaltebecken|Leineck Hochwasserrückhaltebecken,Götzenbach (Lein)|Lein (Kocher)|Schwäbisch Gmünd|Federbach (Lein)|Reichenbach (Lein)|Lein|Rot (Lein),7,1959,1982,2.29,12.53,Recreational use|Flood control
DE111960,Kleine Kinzig,Kleine Kinzig,1,1982,1982,0.62,14.0,Water supply|Energy production
DE111980,,,0,,,0.0,0.0,
DE111990,,,0,,,0.0,0.0,
DE112010,,,0,,,0.0,0.0,
DE112020,,,0,,,0.0,0.0,
DE112030,Nagold talsperre|Dagersheim Hochwasserrückhaltebecken,Schwippe|Nagold,2,1970,1976,0.78,5.36,Transport|Recreational use|Flood control
DE112040,,,0,,,0.0,0.0,
DE112050,,,0,,,0.0,0.0,
DE112060,,,0,,,0.0,0.0,
DE112070,,,0,,,0.0,0.0,
DE112100,,,0,,,0.0,0.0,
DE112110,Haselbach Hochwasserrückhaltebecken,Elleberger Rot,1,1970,1970,0.26,0.93,Transport|Recreational use|Flood control
DE112120,Gnadental Hochwasserruckhaltebecken,Bibers,1,1976,1976,0.25,1.4,Flood control
DE112130,,,0,,,0.0,0.0,
DE112140,,,0,,,0.0,0.0,
DE112160,,,0,,,0.0,0.0,
DE112180,,,0,,,0.0,0.0,
DE112200,,,0,,,0.0,0.0,
DE112220,,,0,,,0.0,0.0,
DE112260,,,0,,,0.0,0.0,
DE112280,,,0,,,0.0,0.0,
DE112310,,,0,,,0.0,0.0,
DE112320,,,0,,,0.0,0.0,
DE112330,Kleine Kinzig,Kleine Kinzig,1,1982,1982,0.62,14.0,Water supply|Energy production
DE112350,Christental Hochwasserrückhaltebecken|Simonsbachtal Hochwasserruckhaltenbecken,Simonsbach|Schwarzwiesenbach,2,1979,1982,,0.51,Flood control
DE112360,,,0,,,0.0,0.0,
DE112370,,,0,,,0.0,0.0,
DE112380,,,0,,,0.0,0.0,
DE112390,,,0,,,0.0,0.0,
DE112400,,,0,,,0.0,0.0,
DE112410,,,0,,,0.0,0.0,
DE112420,,,0,,,0.0,0.0,
DE112450,Rappenbach Hochwasserrückhaltebecken,Rappenbach,1,1974,1974,0.34,1.78,Recreational use|Flood control
DE112480,Breitenautalsperre,Sulm (Neckar),1,1985,1985,0.4,2.36,Transport|Recreational use|Flood control
DE112490,Mauertal Hochwasserruckhaltebecken|Ugentalsperre Hochwasserrückhaltebecken|Wental Hochwasserruckhaltenbecken|Haintal,Wedel (Brenz)|Wental / Gnannental (meist trocken)|Haintal / Heintal (meist trocken),4,1956,1974,,3.9,Flood control
DE112500,,,0,,,0.0,0.0,
DE210300,Ofenwaldsperre Talsperre,Winkler Starzlach,1,1961,1961,0.03,0.21,Flood control
DE210310,,,0,,,0.0,0.0,
DE210320,,,0,,,0.0,0.0,
DE210350,Rottachsee Talsperre,Rottach|Rotwässerle,1,1992,1992,2.87,25.36,Flood control|Recreational use|Energy production
DE210370,,,0,,,0.0,0.0,
DE210380,,,0,,,0.0,0.0,
DE210400,,,0,,,0.0,0.0,
DE210410,,,0,,,0.0,0.0,
DE210420,,,0,,,0.0,0.0,
DE210430,,,0,,,0.0,0.0,
DE210450,,,0,,,0.0,0.0,
DE210460,,,0,,,0.0,0.0,
DE210470,,,0,,,0.0,0.0,
DE210480,,,0,,,0.0,0.0,
DE210490,Mauertal Hochwasserruckhaltebecken|Ugentalsperre Hochwasserrückhaltebecken|Urspring|Wental Hochwasserruckhaltenbecken|Haintal,Wedel (Brenz)|Haintal / Heintal (meist trocken)|Wental / Gnannental (meist trocken)|Radelstetter Talgraben,5,1956,1979,,4.14,Flood control
DE210500,Tiefental Hochwasserrückhaltebecken|Krätzental HWR,Tiefentalgraben|Krätzental (meist trocken),2,1966,1968,0.62,2.65,Flood control
DE210510,,,0,,,0.0,0.0,
DE210520,,,0,,,0.0,0.0,
DE210530,,,0,,,0.0,0.0,
DE210540,,,0,,,0.0,0.0,
DE210550,,,0,,,0.0,0.0,
DE210560,,,0,,,0.0,0.0,
DE210570,,,0,,,0.0,0.0,
DE210580,,,0,,,0.0,0.0,
DE210590,,,0,,,0.0,0.0,
DE210600,,,0,,,0.0,0.0,
DE210610,,,0,,,0.0,0.0,
DE210710,,,0,,,0.0,0.0,
DE210720,,,0,,,0.0,0.0,
DE210730,,,0,,,0.0,0.0,
DE210830,,,0,,,0.0,0.0,
DE210840,,,0,,,0.0,0.0,
DE210860,,,0,,,0.0,0.0,
DE210870,,,0,,,0.0,0.0,
DE210880,,,0,,,0.0,0.0,
DE210900,,,0,,,0.0,0.0,
DE210910,,,0,,,0.0,0.0,
DE210920,,,0,,,0.0,0.0,
DE210940,,,0,,,0.0,0.0,
DE210950,,,0,,,0.0,0.0,
DE210960,,,0,,,0.0,0.0,
DE210970,,,0,,,0.0,0.0,
DE211000,,,0,,,0.0,0.0,
DE211010,,,0,,,0.0,0.0,
DE211030,,,0,,,0.0,0.0,
DE211040,,,0,,,0.0,0.0,
DE211050,,,0,,,0.0,0.0,
DE211060,Altmühlsee,Nesselbach|Altmühl,1,1985,1985,4.77,11.03,Transport|Recreational use|Flood control
DE211070,Altmühlsee,Nesselbach|Altmühl,1,1985,1985,4.77,11.03,Transport|Recreational use|Flood control
DE211080,Altmühlsee,Nesselbach|Altmühl,1,1985,1985,4.77,11.03,Transport|Recreational use|Flood control
DE211090,Altmühlsee,Nesselbach|Altmühl,1,1985,1985,4.77,11.03,Transport|Recreational use|Flood control
DE211100,,,0,,,0.0,0.0,
DE211110,,,0,,,0.0,0.0,
DE211120,,,0,,,0.0,0.0,
DE211130,,,0,,,0.0,0.0,
DE211150,,,0,,,0.0,0.0,
DE211160,,,0,,,0.0,0.0,
DE211250,,,0,,,0.0,0.0,
DE211260,,,0,,,0.0,0.0,
DE211270,,,0,,,0.0,0.0,
DE211280,,,0,,,0.0,0.0,
DE211290,,,0,,,0.0,0.0,
DE211310,,,0,,,0.0,0.0,
DE211320,,,0,,,0.0,0.0,
DE211450,,,0,,,0.0,0.0,
DE211460,,,0,,,0.0,0.0,
DE211470,,,0,,,0.0,0.0,
DE211490,,,0,,,0.0,0.0,
DE211500,,,0,,,0.0,0.0,
DE211510,,,0,,,0.0,0.0,
DE211580,,,0,,,0.0,0.0,
DE211620,,,0,,,0.0,0.0,
DE211700,,,0,,,0.0,0.0,
DE211720,,,0,,,0.0,0.0,
DE211730,,,0,,,0.0,0.0,
DE211740,,,0,,,0.0,0.0,
DE211760,,,0,,,0.0,0.0,
DE211770,,,0,,,0.0,0.0,
DE211780,,,0,,,0.0,0.0,
DE211790,,,0,,,0.0,0.0,
DE211800,,,0,,,0.0,0.0,
DE211940,,,0,,,0.0,0.0,
DE212130,,,0,,,0.0,0.0,
DE212290,,,0,,,0.0,0.0,
DE212300,,,0,,,0.0,0.0,
DE212310,,,0,,,0.0,0.0,
DE212320,,,0,,,0.0,0.0,
DE212330,,,0,,,0.0,0.0,
DE212340,,,0,,,0.0,0.0,
DE212350,Windachtalsperre Hochwasserrückhaltebecken,Windach,1,1964,1964,1.06,2.91,Flood control|Recreational use|Energy production
DE212370,,,0,,,0.0,0.0,
DE212380,,,0,,,0.0,0.0,
DE212390,,,0,,,0.0,0.0,
DE212400,,,0,,,0.0,0.0,
DE212430,,,0,,,0.0,0.0,
DE212440,,,0,,,0.0,0.0,
DE212450,,,0,,,0.0,0.0,
DE212460,,,0,,,0.0,0.0,
DE212470,,,0,,,0.0,0.0,
DE212500,,,0,,,0.0,0.0,
DE212530,,,0,,,0.0,0.0,
DE212540,,,0,,,0.0,0.0,
DE212550,,,0,,,0.0,0.0,
DE212560,,,0,,,0.0,0.0,
DE212570,Vilstalsee Hochwasserrückhaltebecken,Vils (Donau),1,1976,1976,3.34,9.5,Recreational use|Flood control
DE212580,Vilstalsee Hochwasserrückhaltebecken,Vils (Donau),1,1976,1976,3.34,9.5,Recreational use|Flood control
DE212590,,,0,,,0.0,0.0,
DE212600,,,0,,,0.0,0.0,
DE212610,,,0,,,0.0,0.0,
DE212620,,,0,,,0.0,0.0,
DE212640,,,0,,,0.0,0.0,
DE212650,,,0,,,0.0,0.0,
DE212680,,,0,,,0.0,0.0,
DE212690,,,0,,,0.0,0.0,
DE212710,,,0,,,0.0,0.0,
DE212760,,,0,,,0.0,0.0,
DE212870,,,0,,,0.0,0.0,
DE212890,,,0,,,0.0,0.0,
DE212900,,,0,,,0.0,0.0,
DE212980,,,0,,,0.0,0.0,
DE213010,,,0,,,0.0,0.0,
DE213050,,,0,,,0.0,0.0,
DE213060,,,0,,,0.0,0.0,
DE213100,,,0,,,0.0,0.0,
DE213110,,,0,,,0.0,0.0,
DE213130,,,0,,,0.0,0.0,
DE213140,,,0,,,0.0,0.0,
DE213150,,,0,,,0.0,0.0,
DE213170,,,0,,,0.0,0.0,
DE213180,,,0,,,0.0,0.0,
DE213310,,,0,,,0.0,0.0,
DE213360,,,0,,,0.0,0.0,
DE213450,,,0,,,0.0,0.0,
DE213460,,,0,,,0.0,0.0,
DE213470,Surspeicher Hochwasserrückhaltebecken,Sur (Salzach),1,1968,1968,0.59,4.26,Flood control|Energy production
DE213480,Surspeicher Hochwasserrückhaltebecken,Sur (Salzach),1,1968,1968,0.59,4.26,Flood control|Energy production
DE213490,,,0,,,0.0,0.0,
DE213500,,,0,,,0.0,0.0,
DE213510,,,0,,,0.0,0.0,
DE213520,,,0,,,0.0,0.0,
DE213530,,,0,,,0.0,0.0,
DE213540,Mertseespeicher Hochwasserruckhaltebecken,Mertseebach,1,1961,1961,0.23,0.71,Recreational use|Flood control
DE213550,Mertseespeicher Hochwasserruckhaltebecken|Rottauensee Hochwasserrückhaltebecken,Mertseebach|Rott,2,1961,1972,3.07,11.01,Energy production|Recreational use|Flood control
DE213560,Mertseespeicher Hochwasserruckhaltebecken|Rottauensee Hochwasserrückhaltebecken,Mertseebach|Rott,2,1961,1972,3.07,11.01,Energy production|Recreational use|Flood control
DE213570,Mertseespeicher Hochwasserruckhaltebecken|Rottauensee Hochwasserrückhaltebecken,Mertseebach|Rott,2,1961,1972,3.07,11.01,Energy production|Recreational use|Flood control
DE213580,,,0,,,0.0,0.0,
DE213590,,,0,,,0.0,0.0,
DE213600,Mertseespeicher Hochwasserruckhaltebecken,Mertseebach,1,1961,1961,0.23,0.71,Recreational use|Flood control
DE213620,,,0,,,0.0,0.0,
DE213630,,,0,,,0.0,0.0,
DE213640,,,0,,,0.0,0.0,
DE213670,,,0,,,0.0,0.0,
DE213680,,,0,,,0.0,0.0,
DE213690,,,0,,,0.0,0.0,
DE213700,Mauthaus Talsperre|Mauthaus Vorsperee,Nordhalbener Ködel. Tschirner Ködel,2,1972,1975,1.04,21.55,Water supply|Flood control|Recreational use|Energy production
DE213710,Froschgrundsee Hochwasserruckhaltebecken|GoldbergseeHochwasserruckhaltebecken|Mauthaus Talsperre|Mauthaus Vorsperee,Lauterbach- Beileitung|Nordhalbener Ködel. Tschirner Ködel|Itz|Sulzbach|Effelder,4,1972,2013,3.32,30.74,Water supply|Energy production|Recreational use|Flood control
DE213720,Brombachsee Großer|Brombachsee Kleiner|Froschgrundsee Hochwasserruckhaltebecken|GoldbergseeHochwasserruckhaltebecken|Happurger See|IgelsbachseeTalsperre|Mauthaus Talsperre|Mauthaus Vorsperee|Rothsee Talsperre,Igelsbach (Brombach)|Lauterbach- Beileitung|Rohrbach (Happurger Bach). Kainsbach (Happurger Ba|Brombach|Nordhalbener Ködel. Tschirner Ködel|Itz|Altmühl- Überleitung|Kleine Roth|Sulzbach|Effelder|Igelsbach|Main-Donau- Kanal-Beileitung,9,1958,2013,17.33,206.31,Industrial and agricultural water supply|Energy production|Water supply|Transport|Flood control|Recreational use
DE213730,Brombachsee Großer|Brombachsee Kleiner|Froschgrundsee Hochwasserruckhaltebecken|GoldbergseeHochwasserruckhaltebecken|Happurger See|IgelsbachseeTalsperre|Mauthaus Talsperre|Mauthaus Vorsperee|Rothsee Talsperre,Igelsbach (Brombach)|Lauterbach- Beileitung|Rohrbach (Happurger Bach). Kainsbach (Happurger Ba|Brombach|Nordhalbener Ködel. Tschirner Ködel|Itz|Altmühl- Überleitung|Kleine Roth|Sulzbach|Effelder|Igelsbach|Main-Donau- Kanal-Beileitung,9,1958,2013,17.33,206.31,Industrial and agricultural water supply|Energy production|Water supply|Transport|Flood control|Recreational use
DE213740,Brombachsee Großer|Brombachsee Kleiner|Froschgrundsee Hochwasserruckhaltebecken|GoldbergseeHochwasserruckhaltebecken|Happurger See|IgelsbachseeTalsperre|Mauthaus Talsperre|Mauthaus Vorsperee|Rothsee Talsperre,Igelsbach (Brombach)|Lauterbach- Beileitung|Rohrbach (Happurger Bach). Kainsbach (Happurger Ba|Brombach|Nordhalbener Ködel. Tschirner Ködel|Itz|Altmühl- Überleitung|Kleine Roth|Sulzbach|Effelder|Igelsbach|Main-Donau- Kanal-Beileitung,9,1958,2013,17.33,206.31,Industrial and agricultural water supply|Energy production|Water supply|Transport|Flood control|Recreational use
DE213770,,,0,,,0.0,0.0,
DE213780,,,0,,,0.0,0.0,
DE213800,,,0,,,0.0,0.0,
DE213820,,,0,,,0.0,0.0,
DE213830,,,0,,,0.0,0.0,
DE213840,,,0,,,0.0,0.0,
DE213850,,,0,,,0.0,0.0,
DE213860,,,0,,,0.0,0.0,
DE213870,,,0,,,0.0,0.0,
DE213880,,,0,,,0.0,0.0,
DE213890,,,0,,,0.0,0.0,
DE213900,,,0,,,0.0,0.0,
DE213910,,,0,,,0.0,0.0,
DE213920,,,0,,,0.0,0.0,
DE213930,,,0,,,0.0,0.0,
DE213940,,,0,,,0.0,0.0,
DE213950,Mauthaus Talsperre|Mauthaus Vorsperee,Nordhalbener Ködel. Tschirner Ködel,2,1972,1975,1.04,21.55,Water supply|Flood control|Recreational use|Energy production
DE213960,Mauthaus Talsperre|Mauthaus Vorsperee,Nordhalbener Ködel. Tschirner Ködel,2,1972,1975,1.04,21.55,Water supply|Flood control|Recreational use|Energy production
DE213970,Mauthaus Talsperre|Mauthaus Vorsperee,Nordhalbener Ködel. Tschirner Ködel,2,1972,1975,1.04,21.55,Water supply|Flood control|Recreational use|Energy production
DE214000,,,0,,,0.0,0.0,
DE214010,,,0,,,0.0,0.0,
DE214020,,,0,,,0.0,0.0,
DE214030,,,0,,,0.0,0.0,
DE214040,,,0,,,0.0,0.0,
DE214050,,,0,,,0.0,0.0,
DE214060,,,0,,,0.0,0.0,
DE214070,,,0,,,0.0,0.0,
DE214080,Froschgrundsee Hochwasserruckhaltebecken,Effelder|Itz,1,1986,1986,0.92,6.9,Recreational use|Flood control
DE214090,Froschgrundsee Hochwasserruckhaltebecken|GoldbergseeHochwasserruckhaltebecken,Effelder|Itz|Lauterbach- Beileitung|Sulzbach,2,1986,2013,2.28,9.19,Recreational use|Flood control
DE214100,Froschgrundsee Hochwasserruckhaltebecken|GoldbergseeHochwasserruckhaltebecken,Effelder|Itz|Lauterbach- Beileitung|Sulzbach,2,1986,2013,2.28,9.19,Recreational use|Flood control
DE214110,,,0,,,0.0,0.0,
DE214120,,,0,,,0.0,0.0,
DE214130,,,0,,,0.0,0.0,
DE214140,,,0,,,0.0,0.0,
DE214150,GoldbergseeHochwasserruckhaltebecken,Lauterbach- Beileitung|Sulzbach,1,2013,2013,1.36,2.29,Recreational use|Flood control
DE214160,,,0,,,0.0,0.0,
DE214170,,,0,,,0.0,0.0,
DE214190,,,0,,,0.0,0.0,
DE214200,,,0,,,0.0,0.0,
DE214210,,,0,,,0.0,0.0,
DE214220,Brombachsee Großer|Brombachsee Kleiner|Happurger See|IgelsbachseeTalsperre|Rothsee Talsperre,Igelsbach (Brombach)|Rohrbach (Happurger Bach). Kainsbach (Happurger Ba|Brombach|Kleine Roth|Altmühl- Überleitung|Igelsbach|Main-Donau- Kanal-Beileitung,5,1958,1995,14.01,175.57,Industrial and agricultural water supply|Energy production|Transport|Flood control|Recreational use
DE214230,Brombachsee Großer|Brombachsee Kleiner|Happurger See|IgelsbachseeTalsperre|Rothsee Talsperre,Igelsbach (Brombach)|Rohrbach (Happurger Bach). Kainsbach (Happurger Ba|Brombach|Kleine Roth|Altmühl- Überleitung|Igelsbach|Main-Donau- Kanal-Beileitung,5,1958,1995,14.01,175.57,Industrial and agricultural water supply|Energy production|Transport|Flood control|Recreational use
DE214240,Brombachsee Großer|Brombachsee Kleiner|IgelsbachseeTalsperre|Rothsee Talsperre,Igelsbach (Brombach)|Brombach|Kleine Roth|Altmühl- Überleitung|Igelsbach|Main-Donau- Kanal-Beileitung,4,1985,1995,13.54,172.32,Industrial and agricultural water supply|Energy production|Transport|Flood control|Recreational use
DE214250,Brombachsee Großer|Brombachsee Kleiner|IgelsbachseeTalsperre|Rothsee Talsperre,Igelsbach (Brombach)|Brombach|Kleine Roth|Altmühl- Überleitung|Igelsbach|Main-Donau- Kanal-Beileitung,4,1985,1995,13.54,172.32,Industrial and agricultural water supply|Energy production|Transport|Flood control|Recreational use
DE214260,,,0,,,0.0,0.0,
DE214270,,,0,,,0.0,0.0,
DE214280,,,0,,,0.0,0.0,
DE214290,,,0,,,0.0,0.0,
DE214310,,,0,,,0.0,0.0,
DE214320,,,0,,,0.0,0.0,
DE214330,Brombachsee Großer|Brombachsee Kleiner|IgelsbachseeTalsperre,Igelsbach (Brombach)|Altmühl- Überleitung|Brombach|Igelsbach,3,1985,1995,11.94,162.32,Flood control|Transport|Recreational use|Energy production
DE214340,,,0,,,0.0,0.0,
DE214350,Rothsee Talsperre,Kleine Roth|Main-Donau- Kanal-Beileitung,1,1995,1995,1.6,10.0,Transport|Industrial and agricultural water supply|Recreational use|Energy production
DE214360,,,0,,,0.0,0.0,
DE214370,,,0,,,0.0,0.0,
DE214380,,,0,,,0.0,0.0,
DE214400,,,0,,,0.0,0.0,
DE214410,,,0,,,0.0,0.0,
DE214420,,,0,,,0.0,0.0,
DE214430,,,0,,,0.0,0.0,
DE214440,,,0,,,0.0,0.0,
DE214450,,,0,,,0.0,0.0,
DE214460,Happurger See,Rohrbach (Happurger Bach). Kainsbach (Happurger Ba,1,1958,1958,0.47,3.25,Flood control|Recreational use|Energy production
DE214470,Happurger See,Rohrbach (Happurger Bach). Kainsbach (Happurger Ba,1,1958,1958,0.47,3.25,Flood control|Recreational use|Energy production
DE214480,,,0,,,0.0,0.0,
DE214490,,,0,,,0.0,0.0,
DE214500,,,0,,,0.0,0.0,
DE214510,,,0,,,0.0,0.0,
DE214520,,,0,,,0.0,0.0,
DE214530,,,0,,,0.0,0.0,
DE214540,,,0,,,0.0,0.0,
DE214550,,,0,,,0.0,0.0,
DE214560,,,0,,,0.0,0.0,
DE214570,,,0,,,0.0,0.0,
DE214580,,,0,,,0.0,0.0,
DE214590,,,0,,,0.0,0.0,
DE214600,,,0,,,0.0,0.0,
DE214610,,,0,,,0.0,0.0,
DE214630,,,0,,,0.0,0.0,
DE214640,,,0,,,0.0,0.0,
DE214650,,,0,,,0.0,0.0,
DE214660,,,0,,,0.0,0.0,
DE214670,,,0,,,0.0,0.0,
DE214680,,,0,,,0.0,0.0,
DE214690,,,0,,,0.0,0.0,
DE214700,,,0,,,0.0,0.0,
DE214710,,,0,,,0.0,0.0,
DE214720,,,0,,,0.0,0.0,
DE214730,,,0,,,0.0,0.0,
DE214740,,,0,,,0.0,0.0,
DE214750,,,0,,,0.0,0.0,
DE214760,,,0,,,0.0,0.0,
DE214770,,,0,,,0.0,0.0,
DE214780,,,0,,,0.0,0.0,
DE214790,,,0,,,0.0,0.0,
DE214800,,,0,,,0.0,0.0,
DE214810,,,0,,,0.0,0.0,
DE214830,,,0,,,0.0,0.0,
DE214840,,,0,,,0.0,0.0,
DE214850,,,0,,,0.0,0.0,
DE214860,,,0,,,0.0,0.0,
DE214880,Ellertshäuser SeeTalsperre,Sauerquellenbach,1,1960,1960,0.34,2.05,Recreational use|Flood control
DE214890,Ellertshäuser SeeTalsperre,Sauerquellenbach,1,1960,1960,0.34,2.05,Recreational use|Flood control
DE214900,,,0,,,0.0,0.0,
DE214910,,,0,,,0.0,0.0,
DE214920,,,0,,,0.0,0.0,
DE214930,,,0,,,0.0,0.0,
DE214940,,,0,,,0.0,0.0,
DE214950,,,0,,,0.0,0.0,
DE214960,,,0,,,0.0,0.0,
DE214970,Ellertshäuser SeeTalsperre,Sauerquellenbach,1,1960,1960,0.34,2.05,Recreational use|Flood control
DE214980,,,0,,,0.0,0.0,
DE214990,,,0,,,0.0,0.0,
DE215010,,,0,,,0.0,0.0,
DE215020,,,0,,,0.0,0.0,
DE215030,,,0,,,0.0,0.0,
DE215040,,,0,,,0.0,0.0,
DE215050,,,0,,,0.0,0.0,
DE215060,,,0,,,0.0,0.0,
DE215080,,,0,,,0.0,0.0,
DE215090,,,0,,,0.0,0.0,
DE215100,,,0,,,0.0,0.0,
DE215110,,,0,,,0.0,0.0,
DE215120,,,0,,,0.0,0.0,
DE215140,,,0,,,0.0,0.0,
DE215150,,,0,,,0.0,0.0,
DE215160,,,0,,,0.0,0.0,
DE215170,,,0,,,0.0,0.0,
DE215180,,,0,,,0.0,0.0,
DE215190,,,0,,,0.0,0.0,
DE215220,,,0,,,0.0,0.0,
DE215240,,,0,,,0.0,0.0,
DE215270,,,0,,,0.0,0.0,
DE215280,Förmitztalsperre,Förmitz|Lamnitz- Beileitung,1,1978,1978,1.01,10.16,Flood control|Recreational use|Energy production
DE215340,,,0,,,0.0,0.0,
DE410020,,,0,,,0.0,0.0,
DE410030,,,0,,,0.0,0.0,
DE410130,,,0,,,0.0,0.0,
DE410140,,,0,,,0.0,0.0,
DE410150,,,0,,,0.0,0.0,
DE410160,,,0,,,0.0,0.0,
DE410170,,,0,,,0.0,0.0,
DE410180,Nauleis Talsperre|Radeburg II Talsperre|Brettmühlenteich Dobra|Buschmühle|Dammühlenteich Schönfeld|Dippelsdorfer Teich|Frauenteich Moritzburg|Mittelteich Moritzburg|Neuteich Kalkreuth|Niederer Großteich Bärnsdorf|Niederer Waldteich Volkersdorf|Oberer Großteich Moritzburg|Oberer Waldteich Volkersdorf|Wallroda|Radeburg I,Niederauer Dorfbach|Kettenbach|Springbach|Steinbach|Dobrabach|Lößnitzbach|Große Röder|Jähnertbach|Promnitz|Hopfenbach,15,,,7.22,15.3,Industrial and agricultural water supply|Energy production|Water supply|Fishing|Transport|Nature protection|Flood control|Recreational use
DE410210,,,0,,,0.0,0.0,
DE410230,,,0,,,0.0,0.0,
DE410260,,,0,,,0.0,0.0,
DE410610,,,0,,,0.0,0.0,
DE410730,,,0,,,0.0,0.0,
DE410790,,,0,,,0.0,0.0,
DE410800,,,0,,,0.0,0.0,
DE410810,,,0,,,0.0,0.0,
DE410820,,,0,,,0.0,0.0,
DE410830,,,0,,,0.0,0.0,
DE410860,,,0,,,0.0,0.0,
DE410910,,,0,,,0.0,0.0,
DE410970,,,0,,,0.0,0.0,
DE411020,,,0,,,0.0,0.0,
DE411040,,,0,,,0.0,0.0,
DE411060,,,0,,,0.0,0.0,
DE411100,,,0,,,0.0,0.0,
DE411150,,,0,,,0.0,0.0,
DE411170,,,0,,,0.0,0.0,
DE411180,,,0,,,0.0,0.0,
DE411200,,,0,,,0.0,0.0,
DE411220,,,0,,,0.0,0.0,
DE411230,,,0,,,0.0,0.0,
DE411240,,,0,,,0.0,0.0,
DE411270,,,0,,,0.0,0.0,
DE411280,,,0,,,0.0,0.0,
DE411290,,,0,,,0.0,0.0,
DE411300,,,0,,,0.0,0.0,
DE411310,,,0,,,0.0,0.0,
DE411320,,,0,,,0.0,0.0,
DE411340,,,0,,,0.0,0.0,
DE411350,,,0,,,0.0,0.0,
DE411390,,,0,,,0.0,0.0,
DE411400,,,0,,,0.0,0.0,
DE411410,,,0,,,0.0,0.0,
DE411440,,,0,,,0.0,0.0,
DE411720,,,0,,,0.0,0.0,
DE411730,Dossespeicher KyritzTalsperre,Klempnitz,1,1979,1979,3.7,18.3,Industrial and agricultural water supply
DE411750,,,0,,,0.0,0.0,
DE411760,,,0,,,0.0,0.0,
DE411770,,,0,,,0.0,0.0,
DE411790,Dossespeicher KyritzTalsperre,Klempnitz,1,1979,1979,3.7,18.3,Industrial and agricultural water supply
DE411810,,,0,,,0.0,0.0,
DE411850,,,0,,,0.0,0.0,
DE411920,,,0,,,0.0,0.0,
DE411940,,,0,,,0.0,0.0,
DE411970,,,0,,,0.0,0.0,
DE412000,,,0,,,0.0,0.0,
DE412010,,,0,,,0.0,0.0,
DE412020,,,0,,,0.0,0.0,
DE412050,,,0,,,0.0,0.0,
DE412060,,,0,,,0.0,0.0,
DE412070,,,0,,,0.0,0.0,
DE412080,,,0,,,0.0,0.0,
DE412090,,,0,,,0.0,0.0,
DE412200,,,0,,,0.0,0.0,
DE412210,,,0,,,0.0,0.0,
DE412220,,,0,,,0.0,0.0,
DE412230,,,0,,,0.0,0.0,
DE412240,,,0,,,0.0,0.0,
DE412260,,,0,,,0.0,0.0,
DE412270,,,0,,,0.0,0.0,
DE412310,,,0,,,0.0,0.0,
DE412320,,,0,,,0.0,0.0,
DE710000,,,0,,,0.0,0.0,
DE710010,,,0,,,0.0,0.0,
DE710020,,,0,,,0.0,0.0,
DE710030,Aartalsperre|DriedorfTalsperre|Krombach Talsperre,Aar (Dill)|Rehbach (Dill),3,1935,1991,1.9,9.04,Nature protection|Flood control|Recreational use|Energy production
DE710040,,,0,,,0.0,0.0,
DE710050,HauneTalsperre|Ibrastausee,Ibra (Aula)|Haune,2,1979,1988,0.84,3.58,Recreational use|Flood control
DE710060,,,0,,,0.0,0.0,
DE710070,,,0,,,0.0,0.0,
DE710080,,,0,,,0.0,0.0,
DE710090,Düdelsheim Hochwasserrückhaltebecken|Lich Hohchwasserruckhaltebecken|Nidda Talsperre,Nidda|Wetter|Seemenbach,3,1970,1982,,15.11,Transport|Recreational use|Flood control
DE710100,,,0,,,0.0,0.0,
DE710110,Reichenbach (HE),Lauter (Rhein),1,1975,1975,,0.1,Flood control
DE710120,Perf,Perf,1,1993,1993,0.18,2.15,Flood control
DE710130,,,0,,,0.0,0.0,
DE710150,,,0,,,0.0,0.0,
DE710160,,,0,,,0.0,0.0,
DE710170,Lich Hohchwasserruckhaltebecken,Wetter,1,1982,1982,2.06,3.28,Flood control
DE710180,,,0,,,0.0,0.0,
DE710190,,,0,,,0.0,0.0,
DE710200,,,0,,,0.0,0.0,
DE710210,,,0,,,0.0,0.0,
DE710220,,,0,,,0.0,0.0,
DE710230,Ober-Ramstadt Hochwasserruckhaltebecken,Ruhr,1,1930,1930,0.08,1.53,Energy production
DE710240,Ehringen HWR,Erpe,1,2008,2008,0.38,1.43,Flood control
DE710250,,,0,,,0.0,0.0,
DE710260,,,0,,,0.0,0.0,
DE710270,,,0,,,0.0,0.0,
DE710280,,,0,,,0.0,0.0,
DE710290,,,0,,,0.0,0.0,
DE710300,,,0,,,0.0,0.0,
DE710310,,,0,,,0.0,0.0,
DE710320,Affolderner See|Edertalsperre|Waldeck I Oberbecken Pumpspeicherwerk|Waldeck II Oberbecken Pumpspeicherwerk,Eder,4,1914,1998,13.81,212.26,Energy production|Transport|Nature protection|Flood control|Recreational use
DE710330,Kinzig Talsperre,Kinzig (Main),1,1979,1979,1.2,6.8,Flood control|Transport|Recreational use|Energy production
DE710340,,,0,,,0.0,0.0,
DE710350,,,0,,,0.0,0.0,
DE710360,Antriftsee,Antrift,1,1981,1981,0.52,3.5,Recreational use|Flood control
DE710370,,,0,,,0.0,0.0,
DE710380,,,0,,,0.0,0.0,
DE710390,,,0,,,0.0,0.0,
DE710400,Marbach Hochwasserruckhaltenbecken,Marbach (Mümling),1,1982,1982,0.49,2.7,Flood control|Recreational use|Energy production
DE710410,Kinzig Talsperre,Kinzig (Main),1,1979,1979,1.2,6.8,Flood control|Transport|Recreational use|Energy production
DE710420,Bockenrod Reichelsheim,Gersprenz,1,2010,2010,0.08,0.1,Flood control
DE710430,,,0,,,0.0,0.0,
DE710440,Diemel Talsperre|Ehringen HWR|Schmala Talsperre|Twiste Talsperre,Twiste (Diemel)|Schmala|Erpe|Diemel,4,1923,2008,,30.44,Energy production|Water supply|Transport|Flood control|Recreational use
DE710450,,,0,,,0.0,0.0,
DE710460,Aartalsperre,Aar (Dill),1,1991,1991,0.74,3.8,Flood control|Energy production
DE710470,HauneTalsperre,Haune,1,1988,1988,0.75,3.18,Flood control
DE710490,,,0,,,0.0,0.0,
DE710500,,,0,,,0.0,0.0,
DE710510,,,0,,,0.0,0.0,
DE710520,,,0,,,0.0,0.0,
DE710530,Lich Hohchwasserruckhaltebecken|Nidda Talsperre,Nidda|Wetter,2,1970,1982,2.66,10.09,Transport|Recreational use|Flood control
DE710540,,,0,,,0.0,0.0,
DE710550,,,0,,,0.0,0.0,
DE710560,,,0,,,0.0,0.0,
DE710570,,,0,,,0.0,0.0,
DE710580,,,0,,,0.0,0.0,
DE710590,,,0,,,0.0,0.0,
DE710600,Lorsch Polder,Weschnitz,1,1964,1964,2.6,3.6,Flood control
DE710610,,,0,,,0.0,0.0,
DE710620,Kirchhain/OhmHochwasserruckhaltebecken|Perf,Ohm|Perf,2,1957,1993,9.18,19.15,Flood control
DE710630,,,0,,,0.0,0.0,
DE710640,,,0,,,0.0,0.0,
DE710650,,,0,,,0.0,0.0,
DE710660,Marbach Hochwasserruckhaltenbecken,Marbach (Mümling),1,1982,1982,0.49,2.7,Flood control|Recreational use|Energy production
DE710670,,,0,,,0.0,0.0,
DE710680,Lich Hohchwasserruckhaltebecken,Wetter,1,1982,1982,2.06,3.28,Flood control
DE710690,,,0,,,0.0,0.0,
DE710700,,,0,,,0.0,0.0,
DE710710,,,0,,,0.0,0.0,
DE710720,Nidda Talsperre,Nidda,1,1970,1970,0.6,6.81,Transport|Recreational use|Flood control
DE710730,,,0,,,0.0,0.0,
DE710740,,,0,,,0.0,0.0,
DE710750,,,0,,,0.0,0.0,
DE710760,,,0,,,0.0,0.0,
DE710770,,,0,,,0.0,0.0,
DE710780,,,0,,,0.0,0.0,
DE710790,,,0,,,0.0,0.0,
DE710800,,,0,,,0.0,0.0,
DE710810,Nidda Talsperre,Nidda,1,1970,1970,0.6,6.81,Transport|Recreational use|Flood control
DE710820,,,0,,,0.0,0.0,
DE710830,Heildelbach Hochwasserruckhaltebecken,Schwalm (Eder),1,1968,1968,1.4,6.27,Flood control
DE710840,,,0,,,0.0,0.0,
DE710850,,,0,,,0.0,0.0,
DE710860,,,0,,,0.0,0.0,
DE710870,,,0,,,0.0,0.0,
DE710890,,,0,,,0.0,0.0,
DE710900,,,0,,,0.0,0.0,
DE710910,,,0,,,0.0,0.0,
DE710920,Nidda Talsperre,Nidda,1,1970,1970,0.6,6.81,Transport|Recreational use|Flood control
DE710930,Antriftsee|Heildelbach Hochwasserruckhaltebecken|Treysa-Ziegenhain Hochwasserrückhaltebecken,Schwalm (Eder)|Antrift,3,1968,1981,6.42,21.77,Recreational use|Flood control
DE710940,,,0,,,0.0,0.0,
DE710950,Düdelsheim Hochwasserrückhaltebecken,Seemenbach,1,1974,1974,,5.02,Flood control
DE810010,,,0,,,0.0,0.0,
DE810020,,,0,,,0.0,0.0,
DE810030,,,0,,,0.0,0.0,
DE810050,,,0,,,0.0,0.0,
DE810060,,,0,,,0.0,0.0,
DE810080,,,0,,,0.0,0.0,
DE810090,,,0,,,0.0,0.0,
DE810100,,,0,,,0.0,0.0,
DE810110,,,0,,,0.0,0.0,
DE810120,,,0,,,0.0,0.0,
DE810130,,,0,,,0.0,0.0,
DE810150,,,0,,,0.0,0.0,
DE810160,Farpener Talsperre,Farpener Bach,1,1980,1980,0.47,1.17,Industrial and agricultural water supply
DE810170,,,0,,,0.0,0.0,
DE810180,,,0,,,0.0,0.0,
DE810190,,,0,,,0.0,0.0,
DE810210,,,0,,,0.0,0.0,
DE810220,,,0,,,0.0,0.0,
DE810230,,,0,,,0.0,0.0,
DE810260,,,0,,,0.0,0.0,
DE810280,,,0,,,0.0,0.0,
DE810290,,,0,,,0.0,0.0,
DE810300,,,0,,,0.0,0.0,
DE810310,,,0,,,0.0,0.0,
DE810320,,,0,,,0.0,0.0,
DE810330,,,0,,,0.0,0.0,
DE810340,,,0,,,0.0,0.0,
DE810380,,,0,,,0.0,0.0,
DE810390,,,0,,,0.0,0.0,
DE810410,,,0,,,0.0,0.0,
DE810420,,,0,,,0.0,0.0,
DE810440,,,0,,,0.0,0.0,
DE810450,,,0,,,0.0,0.0,
DE810470,,,0,,,0.0,0.0,
DE810490,,,0,,,0.0,0.0,
DE810550,,,0,,,0.0,0.0,
DE810570,,,0,,,0.0,0.0,
DE810580,,,0,,,0.0,0.0,
DE810590,,,0,,,0.0,0.0,
DE810600,,,0,,,0.0,0.0,
DE810610,,,0,,,0.0,0.0,
DE810650,,,0,,,0.0,0.0,
DE810660,,,0,,,0.0,0.0,
DE810670,,,0,,,0.0,0.0,
DE810680,,,0,,,0.0,0.0,
DE810690,,,0,,,0.0,0.0,
DE810700,,,0,,,0.0,0.0,
DE810740,,,0,,,0.0,0.0,
DE810770,,,0,,,0.0,0.0,
DE810790,,,0,,,0.0,0.0,
DE810800,,,0,,,0.0,0.0,
DE810820,,,0,,,0.0,0.0,
DE810830,,,0,,,0.0,0.0,
DE810840,,,0,,,0.0,0.0,
DE810870,,,0,,,0.0,0.0,
DE810910,,,0,,,0.0,0.0,
DE810920,,,0,,,0.0,0.0,
DE810930,,,0,,,0.0,0.0,
DE810940,,,0,,,0.0,0.0,
DE810950,,,0,,,0.0,0.0,
DE811040,,,0,,,0.0,0.0,
DE811050,,,0,,,0.0,0.0,
DE811100,,,0,,,0.0,0.0,
DE811110,,,0,,,0.0,0.0,
DE811170,,,0,,,0.0,0.0,
DE811180,,,0,,,0.0,0.0,
DE811190,,,0,,,0.0,0.0,
DE811200,,,0,,,0.0,0.0,
DE811210,,,0,,,0.0,0.0,
DE811250,,,0,,,0.0,0.0,
DE811260,,,0,,,0.0,0.0,
DE811270,,,0,,,0.0,0.0,
DE811350,,,0,,,0.0,0.0,
DE811360,,,0,,,0.0,0.0,
DE811370,,,0,,,0.0,0.0,
DE811390,,,0,,,0.0,0.0,
DE811420,,,0,,,0.0,0.0,
DE811430,,,0,,,0.0,0.0,
DE811440,,,0,,,0.0,0.0,
DE811450,,,0,,,0.0,0.0,
DE811470,,,0,,,0.0,0.0,
DE811480,,,0,,,0.0,0.0,
DE811510,,,0,,,0.0,0.0,
DE811520,,,0,,,0.0,0.0,
DE811530,,,0,,,0.0,0.0,
DE811550,,,0,,,0.0,0.0,
DE811560,,,0,,,0.0,0.0,
DE811580,,,0,,,0.0,0.0,
DE811590,,,0,,,0.0,0.0,
DE811600,,,0,,,0.0,0.0,
DE811610,,,0,,,0.0,0.0,
DE811620,,,0,,,0.0,0.0,
DE811630,,,0,,,0.0,0.0,
DE811750,,,0,,,0.0,0.0,
DE811760,BrohmTalsperre,Golmer Mühlbach,1,1972,1972,0.33,1.21,Industrial and agricultural water supply
DE811770,BrohmTalsperre,Golmer Mühlbach,1,1972,1972,0.33,1.21,Industrial and agricultural water supply
DE811800,,,0,,,0.0,0.0,
DE811840,,,0,,,0.0,0.0,
DE811850,,,0,,,0.0,0.0,
DE811950,,,0,,,0.0,0.0,
DE811960,,,0,,,0.0,0.0,
DE812010,,,0,,,0.0,0.0,
DE812030,,,0,,,0.0,0.0,
DE812040,,,0,,,0.0,0.0,
DE812050,,,0,,,0.0,0.0,
DE812060,,,0,,,0.0,0.0,
DE812070,,,0,,,0.0,0.0,
DE812080,,,0,,,0.0,0.0,
DE812100,,,0,,,0.0,0.0,
DE812110,,,0,,,0.0,0.0,
DE812170,,,0,,,0.0,0.0,
DE812180,,,0,,,0.0,0.0,
DE812190,,,0,,,0.0,0.0,
DE812200,,,0,,,0.0,0.0,
DE812210,,,0,,,0.0,0.0,
DE812250,,,0,,,0.0,0.0,
DE812280,,,0,,,0.0,0.0,
DE812290,,,0,,,0.0,0.0,
DE910020,,,0,,,0.0,0.0,
DE910070,,,0,,,0.0,0.0,
DE910080,,,0,,,0.0,0.0,
DE910090,,,0,,,0.0,0.0,
DE910110,,,0,,,0.0,0.0,
DE910120,,,0,,,0.0,0.0,
DE910130,,,0,,,0.0,0.0,
DE910140,,,0,,,0.0,0.0,
DE910150,,,0,,,0.0,0.0,
DE910160,,,0,,,0.0,0.0,
DE910170,,,0,,,0.0,0.0,
DE910180,,,0,,,0.0,0.0,
DE910190,,,0,,,0.0,0.0,
DE910200,Alfsee (Alfhausen-Rieste),Hase-Zuleiter,1,1996,1996,2.2,20.8,Recreational use|Flood control
DE910210,Alfsee (Alfhausen-Rieste),Hase-Zuleiter,1,1996,1996,2.2,20.8,Recreational use|Flood control
DE910230,,,0,,,0.0,0.0,
DE910240,,,0,,,0.0,0.0,
DE910250,,,0,,,0.0,0.0,
DE910260,,,0,,,0.0,0.0,
DE910270,Alfsee (Alfhausen-Rieste),Hase-Zuleiter,1,1996,1996,2.2,20.8,Recreational use|Flood control
DE910290,Alfsee (Alfhausen-Rieste),Hase-Zuleiter,1,1996,1996,2.2,20.8,Recreational use|Flood control
DE910300,Alfsee (Alfhausen-Rieste),Hase-Zuleiter,1,1996,1996,2.2,20.8,Recreational use|Flood control
DE910310,,,0,,,0.0,0.0,
DE910320,Alfsee (Alfhausen-Rieste),Hase-Zuleiter,1,1996,1996,2.2,20.8,Recreational use|Flood control
DE910330,,,0,,,0.0,0.0,
DE910340,,,0,,,0.0,0.0,
DE910350,,,0,,,0.0,0.0,
DE910360,Alfsee (Alfhausen-Rieste),Hase-Zuleiter,1,1996,1996,2.2,20.8,Recreational use|Flood control
DE910370,,,0,,,0.0,0.0,
DE910380,,,0,,,0.0,0.0,
DE910400,Alfsee (Alfhausen-Rieste),Hase-Zuleiter,1,1996,1996,2.2,20.8,Recreational use|Flood control
DE910430,,,0,,,0.0,0.0,
DE910460,,,0,,,0.0,0.0,
DE910500,,,0,,,0.0,0.0,
DE910530,,,0,,,0.0,0.0,
DE910560,Thülsfeld Talsperre,Soeste,1,1927,1927,4.1,10.8,Nature protection|Transport|Recreational use|Flood control
DE910570,,,0,,,0.0,0.0,
DE910580,,,0,,,0.0,0.0,
DE910610,,,0,,,0.0,0.0,
DE910620,,,0,,,0.0,0.0,
DE910630,,,0,,,0.0,0.0,
DE910640,,,0,,,0.0,0.0,
DE910650,,,0,,,0.0,0.0,
DE910660,,,0,,,0.0,0.0,
DE910670,,,0,,,0.0,0.0,
DE910680,,,0,,,0.0,0.0,
DE910690,Schiedersee,Emmer,1,1983,1983,,5.0,Recreational use|Flood control
DE910700,Schiedersee,Emmer,1,1983,1983,,5.0,Recreational use|Flood control
DE910710,,,0,,,0.0,0.0,
DE910720,,,0,,,0.0,0.0,
DE910730,,,0,,,0.0,0.0,
DE910750,,,0,,,0.0,0.0,
DE910770,,,0,,,0.0,0.0,
DE910780,,,0,,,0.0,0.0,
DE910790,,,0,,,0.0,0.0,
DE910800,,,0,,,0.0,0.0,
DE910810,,,0,,,0.0,0.0,
DE910820,,,0,,,0.0,0.0,
DE910830,,,0,,,0.0,0.0,
DE910840,,,0,,,0.0,0.0,
DE910850,,,0,,,0.0,0.0,
DE910860,,,0,,,0.0,0.0,
DE910870,,,0,,,0.0,0.0,
DE910880,,,0,,,0.0,0.0,
DE910890,,,0,,,0.0,0.0,
DE910910,,,0,,,0.0,0.0,
DE910920,Oker Talsperre|Okertalsperre Vorsperre|Fortuner Teich Talsperre|Jägersbleeker Talsperre,booker|Hellertalbach|Jägersbleeker Teich,4,1670,1956,2.54,48.24,Energy production|Water supply|Transport|Nature protection|Flood control|Recreational use
DE910960,Ecker-talsperre|Oker Talsperre|Okertalsperre Vorsperre|Fortuner Teich Talsperre|Jägersbleeker Talsperre,Jägersbleeker Teich|booker|Hellertalbach|Ecker,5,1670,1956,3.22,61.51,Energy production|Water supply|Transport|Nature protection|Flood control|Recreational use
DE910990,Ecker-talsperre|Oker Talsperre|Okertalsperre Vorsperre|Fortuner Teich Talsperre|Jägersbleeker Talsperre,Jägersbleeker Teich|booker|Hellertalbach|Ecker,5,1670,1956,3.22,61.51,Energy production|Water supply|Transport|Nature protection|Flood control|Recreational use
DE911000,,,0,,,0.0,0.0,
DE911010,,,0,,,0.0,0.0,
DE911020,,,0,,,0.0,0.0,
DE911030,,,0,,,0.0,0.0,
DE911040,,,0,,,0.0,0.0,
DE911050,,,0,,,0.0,0.0,
DE911060,Ecker-talsperre|Oker Talsperre|Okertalsperre Vorsperre|Fortuner Teich Talsperre|Jägersbleeker Talsperre,Jägersbleeker Teich|booker|Hellertalbach|Ecker,5,1670,1956,3.22,61.51,Energy production|Water supply|Transport|Nature protection|Flood control|Recreational use
DE911070,Ecker-talsperre|Oker Talsperre|Okertalsperre Vorsperre|Fortuner Teich Talsperre|Jägersbleeker Talsperre,Jägersbleeker Teich|booker|Hellertalbach|Ecker,5,1670,1956,3.22,61.51,Energy production|Water supply|Transport|Nature protection|Flood control|Recreational use
DE911100,,,0,,,0.0,0.0,
DE911110,,,0,,,0.0,0.0,
DE911120,,,0,,,0.0,0.0,
DE911130,,,0,,,0.0,0.0,
DE911140,,,0,,,0.0,0.0,
DE911160,,,0,,,0.0,0.0,
DE911180,,,0,,,0.0,0.0,
DE911190,,,0,,,0.0,0.0,
DE911200,,,0,,,0.0,0.0,
DE911210,,,0,,,0.0,0.0,
DE911230,,,0,,,0.0,0.0,
DE911240,,,0,,,0.0,0.0,
DE911260,,,0,,,0.0,0.0,
DE911270,,,0,,,0.0,0.0,
DE911280,Wendebachstausee,Wendebach,1,1973,1973,0.07,1.52,Flood control
DE911290,Wendebachstausee,Wendebach,1,1973,1973,0.07,1.52,Flood control
DE911310,,,0,,,0.0,0.0,
DE911320,,,0,,,0.0,0.0,
DE911330,,,0,,,0.0,0.0,
DE911340,,,0,,,0.0,0.0,
DE911350,,,0,,,0.0,0.0,
DE911360,Oder Talsperre|Oderteich Talsperre|Wiesenbeker Teich Talsperre,Wiesenbek|Oder (Rhume),3,1715,1933,1.73,32.77,Industrial and agricultural water supply|Energy production|Transport|Flood control|Recreational use
DE911370,,,0,,,0.0,0.0,
DE911380,Oder Talsperre|Oderteich Talsperre|Wiesenbeker Teich Talsperre,Wiesenbek|Oder (Rhume),3,1715,1933,1.73,32.77,Industrial and agricultural water supply|Energy production|Transport|Flood control|Recreational use
DE911390,,,0,,,0.0,0.0,
DE911400,Sösetalsperre Vorsperre|Söse Talsperre,Söse,2,1931,1931,1.37,26.09,Water supply|Energy production|Transport|Flood control
DE911410,Oder Talsperre|Oderteich Talsperre|Sösetalsperre Vorsperre|Söse Talsperre|Wiesenbeker Teich Talsperre,Wiesenbek|Oder (Rhume)|Söse,5,1715,1933,3.1,58.86,Industrial and agricultural water supply|Energy production|Water supply|Transport|Flood control|Recreational use
DE911420,Oder Talsperre|Oderteich Talsperre|Sösetalsperre Vorsperre|Söse Talsperre|Wiesenbeker Teich Talsperre,Wiesenbek|Oder (Rhume)|Söse,5,1715,1933,3.1,58.86,Industrial and agricultural water supply|Energy production|Water supply|Transport|Flood control|Recreational use
DE911430,,,0,,,0.0,0.0,
DE911440,,,0,,,0.0,0.0,
DE911450,,,0,,,0.0,0.0,
DE911460,,,0,,,0.0,0.0,
DE911470,,,0,,,0.0,0.0,
DE911480,Oder Talsperre|Oderteich Talsperre|Salzderhelden Hochwasserrückhaltebecken|Sösetalsperre Vorsperre|Söse Talsperre|Wendebachstausee|Wiesenbeker Teich Talsperre,Oder (Rhume)|Wendebach|Söse|Leine|Wiesenbek,7,1715,1985,12.92,97.78,Industrial and agricultural water supply|Energy production|Water supply|Transport|Flood control|Recreational use
DE911490,,,0,,,0.0,0.0,
DE911520,,,0,,,0.0,0.0,
DE911530,Oder Talsperre|Oderteich Talsperre|Salzderhelden Hochwasserrückhaltebecken|Sösetalsperre Vorsperre|Söse Talsperre|Wendebachstausee|Wiesenbeker Teich Talsperre,Oder (Rhume)|Wendebach|Söse|Leine|Wiesenbek,7,1715,1985,12.92,97.78,Industrial and agricultural water supply|Energy production|Water supply|Transport|Flood control|Recreational use
DE911540,,,0,,,0.0,0.0,
DE911560,Grane Talsperre|Innerste Talsperre|Mittlerer Pfauenteich|Mittlerer Kellerhalsteich Talsperre,Oberharze|Innerste|Zellbach|Grane,4,1551,1969,3.74,66.43,Industrial and agricultural water supply|Energy production|Water supply|Transport|Flood control|Recreational use
DE911570,,,0,,,0.0,0.0,
DE911580,,,0,,,0.0,0.0,
DE911600,,,0,,,0.0,0.0,
DE911610,,,0,,,0.0,0.0,
DE911620,Grane Talsperre|Innerste Talsperre|Mittlerer Pfauenteich|Mittlerer Kellerhalsteich Talsperre,Oberharze|Innerste|Zellbach|Grane,4,1551,1969,3.74,66.43,Industrial and agricultural water supply|Energy production|Water supply|Transport|Flood control|Recreational use
DE911630,,,0,,,0.0,0.0,
DE911640,Grane Talsperre|Innerste Talsperre|Mittlerer Pfauenteich|Mittlerer Kellerhalsteich Talsperre,Oberharze|Innerste|Zellbach|Grane,4,1551,1969,3.74,66.43,Industrial and agricultural water supply|Energy production|Water supply|Transport|Flood control|Recreational use
DE911650,,,0,,,0.0,0.0,
DE911660,,,0,,,0.0,0.0,
DE911680,,,0,,,0.0,0.0,
DE911690,,,0,,,0.0,0.0,
DE911700,,,0,,,0.0,0.0,
DE911710,,,0,,,0.0,0.0,
DE911740,,,0,,,0.0,0.0,
DE911750,,,0,,,0.0,0.0,
DE911770,,,0,,,0.0,0.0,
DE911780,,,0,,,0.0,0.0,
DE911840,,,0,,,0.0,0.0,
DE911850,,,0,,,0.0,0.0,
DE911860,,,0,,,0.0,0.0,
DE911870,,,0,,,0.0,0.0,
DE911880,,,0,,,0.0,0.0,
DE911890,,,0,,,0.0,0.0,
DE911900,,,0,,,0.0,0.0,
DE911910,,,0,,,0.0,0.0,
DE911920,,,0,,,0.0,0.0,
DE911930,,,0,,,0.0,0.0,
DE911940,,,0,,,0.0,0.0,
DE911950,,,0,,,0.0,0.0,
DE911960,,,0,,,0.0,0.0,
DE911970,,,0,,,0.0,0.0,
DE911980,,,0,,,0.0,0.0,
DE911990,,,0,,,0.0,0.0,
DE912000,,,0,,,0.0,0.0,
DE912010,,,0,,,0.0,0.0,
DE912030,,,0,,,0.0,0.0,
DE912090,,,0,,,0.0,0.0,
DE912100,,,0,,,0.0,0.0,
DE912110,,,0,,,0.0,0.0,
DE912120,,,0,,,0.0,0.0,
DE912130,,,0,,,0.0,0.0,
DE912140,,,0,,,0.0,0.0,
DE912150,,,0,,,0.0,0.0,
DE912160,,,0,,,0.0,0.0,
DE912170,,,0,,,0.0,0.0,
DE912180,,,0,,,0.0,0.0,
DE912190,,,0,,,0.0,0.0,
DE912210,,,0,,,0.0,0.0,
DE912220,,,0,,,0.0,0.0,
DE912230,,,0,,,0.0,0.0,
DE912240,,,0,,,0.0,0.0,
DE912250,,,0,,,0.0,0.0,
DE912270,,,0,,,0.0,0.0,
DE912280,,,0,,,0.0,0.0,
DE912290,,,0,,,0.0,0.0,
DE912300,,,0,,,0.0,0.0,
DE912310,,,0,,,0.0,0.0,
DE912320,,,0,,,0.0,0.0,
DE912330,,,0,,,0.0,0.0,
DE912350,,,0,,,0.0,0.0,
DE912360,,,0,,,0.0,0.0,
DE912370,,,0,,,0.0,0.0,
DE912380,,,0,,,0.0,0.0,
DE912390,,,0,,,0.0,0.0,
DE912400,,,0,,,0.0,0.0,
DE912420,,,0,,,0.0,0.0,
DE912440,,,0,,,0.0,0.0,
DE912450,,,0,,,0.0,0.0,
DE912470,,,0,,,0.0,0.0,
DE912490,,,0,,,0.0,0.0,
DE912500,,,0,,,0.0,0.0,
DE912520,,,0,,,0.0,0.0,
DE912530,,,0,,,0.0,0.0,
DE912540,,,0,,,0.0,0.0,
DE912550,,,0,,,0.0,0.0,
DE912560,,,0,,,0.0,0.0,
DE912570,,,0,,,0.0,0.0,
DE912600,,,0,,,0.0,0.0,
DE912650,,,0,,,0.0,0.0,
DE912660,,,0,,,0.0,0.0,
DE912670,,,0,,,0.0,0.0,
DE912810,,,0,,,0.0,0.0,
DEA10000,,,0,,,0.0,0.0,
DEA10040,Obernau Talsperre,Tränkbach / Eisenbach,1,1976,1976,0.07,0.23,Recreational use|Flood control
DEA10060,Breitenbachtalsperre,Breitenbach (Ferndorfbach),1,1956,1956,0.58,7.8,Water supply
DEA10070,Breitenbachtalsperre,Breitenbach (Ferndorfbach),1,1956,1956,0.58,7.8,Water supply
DEA10080,,,0,,,0.0,0.0,
DEA10090,Breitenbachtalsperre|Obernau Talsperre,Breitenbach (Ferndorfbach)|Tränkbach / Eisenbach,2,1956,1976,0.65,8.03,Water supply|Recreational use|Flood control
DEA10100,,,0,,,0.0,0.0,
DEA10120,Breitenbachtalsperre|Obernau Talsperre,Breitenbach (Ferndorfbach)|Tränkbach / Eisenbach,2,1956,1976,0.65,8.03,Water supply|Recreational use|Flood control
DEA10130,,,0,,,0.0,0.0,
DEA10140,,,0,,,0.0,0.0,
DEA10150,,,0,,,0.0,0.0,
DEA10160,Breitenbachtalsperre|Obernau Talsperre|Wahnbach Talsperre,Wahnbach|Breitenbach (Ferndorfbach)|Tränkbach / Eisenbach,3,1956,1976,2.65,48.74,Water supply|Recreational use|Flood control
DEA10170,,,0,,,0.0,0.0,
DEA10200,,,0,,,0.0,0.0,
DEA10210,,,0,,,0.0,0.0,
DEA10220,Aggertalsperre|Genkel Talsperre|Wiehl Talsperre,Wiehl|Agger|Genkel,3,1928,1973,4.34,57.1,Water supply|Flood control|Recreational use|Energy production
DEA10230,Aggertalsperre|Breitenbachtalsperre|Genkel Talsperre|Obernau Talsperre|Wahnbach Talsperre|Wiehl Talsperre,Wiehl|Breitenbach (Ferndorfbach)|Genkel|Agger|Tränkbach / Eisenbach|Wahnbach,6,1928,1976,6.99,105.84,Water supply|Flood control|Recreational use|Energy production
DEA10240,Bevertalsperre|Beyenburg|Brucher Talsperre|DahlhausenStauanlage|Herbringhauser Talsperre|Kerspe Talsperre|Lingese Talsperre|Neye Talsperre|Panzer Talsperre|Schevelinger Talsperre|Wupper Talsperre,Kerspe|Panzerbach|Neye (Wupper)|Schevelinger Bach|Bever (Wupper)|Wupper|Herbringhauser Bach|Lingese|Brucherbach,11,1893,1987,,80.28,Industrial and agricultural water supply|Energy production|Water supply|Transport|Flood control|Recreational use
DEA10250,Bevertalsperre|Beyenburg|Brucher Talsperre|DahlhausenStauanlage|Herbringhauser Talsperre|Kerspe Talsperre|Lingese Talsperre|Neye Talsperre|Panzer Talsperre|Schevelinger Talsperre|Wupper Talsperre,Kerspe|Panzerbach|Neye (Wupper)|Schevelinger Bach|Bever (Wupper)|Wupper|Herbringhauser Bach|Lingese|Brucherbach,11,1893,1987,,80.28,Industrial and agricultural water supply|Energy production|Water supply|Transport|Flood control|Recreational use
DEA10260,Bevertalsperre|Beyenburg|Brucher Talsperre|DahlhausenStauanlage|Eschbach Talsperre|Herbringhauser Talsperre|Kerspe Talsperre|Lingese Talsperre|Neye Talsperre|Panzer Talsperre|Ronsdorfer Talsperre|Schevelinger Talsperre|Wupper Talsperre,Saalbach (Gelpe)|Kerspe|Panzerbach|Neye (Wupper)|Schevelinger Bach|Bever (Wupper)|Wupper|Herbringhauser Bach|Lingese|Brucherbach|Eschbach (Wupper),13,1891,1987,,81.44,Industrial and agricultural water supply|Energy production|Water supply|Transport|Flood control|Recreational use
DEA10270,Bevertalsperre|Beyenburg|Brucher Talsperre|DahlhausenStauanlage|Diepental Talsperre|Eschbach Talsperre|Herbringhauser Talsperre|Kerspe Talsperre|Lingese Talsperre|Neye Talsperre|Panzer Talsperre|Ronsdorfer Talsperre|Schevelinger Talsperre|Wupper Talsperre|Sengbachtalsperre,Saalbach (Gelpe)|Sengbach|Murbach|Kerspe|Panzerbach|Neye (Wupper)|Schevelinger Bach|Bever (Wupper)|Wupper|Herbringhauser Bach|Lingese|Brucherbach|Eschbach (Wupper),15,1891,1987,,84.57,Industrial and agricultural water supply|Energy production|Water supply|Transport|Flood control|Recreational use
DEA10280,Große Dhünn Talsperre|Große Dhünn Vorsperre,Große / Kleine Dhünn (Wupper)|Große Dhünn,2,1962,1962,1.3,14.8,Water supply|Transport|Flood control
DEA10300,,,0,,,0.0,0.0,
DEA10310,,,0,,,0.0,0.0,
DEA10320,,,0,,,0.0,0.0,
DEA10330,,,0,,,0.0,0.0,
DEA10340,Eicherscheid Hochwasserrückhaltebecken,Erft,1,1975,1975,0.16,1.01,Flood control
DEA10350,,,0,,,0.0,0.0,
DEA10360,,,0,,,0.0,0.0,
DEA10370,Madbach Talsperre|Steinbach Talsperre (NW),Steinbach (Swist)|Madbach,2,1937,1940,,1.16,Industrial and agricultural water supply|Recreational use
DEA10380,Eicherscheid Hochwasserrückhaltebecken|Madbach Talsperre|Steinbach Talsperre (NW),Madbach|Steinbach (Swist)|Erft,3,1937,1975,,2.17,Industrial and agricultural water supply|Recreational use|Flood control
DEA10390,Erftstadt-Niederberg Hochwasserrückhaltebecken,Rotbach (Erft),1,2006,2006,0.6,1.16,Flood control
DEA10400,,,0,,,0.0,0.0,
DEA10460,,,0,,,0.0,0.0,
DEA10470,Hillestausee,Hillebach,1,1979,1979,0.08,0.36,Recreational use
DEA10480,Henne Talsperre|Hillestausee,Henne|Hillebach,2,1955,1979,2.22,38.76,Flood control|Transport|Recreational use|Energy production
DEA10490,,,0,,,0.0,0.0,
DEA10500,Esmecke-Stausee|Henne Talsperre|Hillestausee,Henne|Hillebach|Esmeckebach,3,1955,1979,2.24,38.83,Flood control|Transport|Recreational use|Energy production
DEA10510,,,0,,,0.0,0.0,
DEA10520,Sorpesee Talsperre,Sorpe (Röhr),1,1935,1935,3.3,70.0,Water supply|Flood control|Recreational use|Energy production
DEA10530,,,0,,,0.0,0.0,
DEA10540,,,0,,,0.0,0.0,
DEA10550,Esmecke-Stausee|Henne Talsperre|Hillestausee|Möhne Talsperre|Sorpesee Talsperre,Esmeckebach|Henne|Möhne|Hillebach|Sorpe (Röhr),5,1913,1979,15.9,242.68,Energy production|Water supply|Transport|Flood control|Recreational use
DEA10560,,,0,,,0.0,0.0,
DEA10600,,,0,,,0.0,0.0,
DEA10610,Seiler see,Wermingser Bach,1,1914,1914,0.13,0.35,Industrial and agricultural water supply|Recreational use
DEA10620,Esmecke-Stausee|Henne Talsperre|Hillestausee|Möhne Talsperre|Seiler see|Sorpesee Talsperre,Esmeckebach|Henne|Möhne|Hillebach|Sorpe (Röhr)|Wermingser Bach,6,1913,1979,16.04,243.02,Industrial and agricultural water supply|Energy production|Water supply|Transport|Flood control|Recreational use
DEA10630,,,0,,,0.0,0.0,
DEA10640,,,0,,,0.0,0.0,
DEA10650,,,0,,,0.0,0.0,
DEA10660,,,0,,,0.0,0.0,
DEA10680,AhausenStausee|Bigge Talsperre|Lister Talsperre|Rönkhausen Oberbecken Pumpspeicherkraftwerk,Glingebach|Lister|Bigge,4,1912,1969,10.81,195.27,Water supply|Flood control|Recreational use|Energy production
DEA10700,AhausenStausee|Bigge Talsperre|Fuelbecke Talsperre|Fürwigge Talsperre|Glingebach Talsperre|Lister Talsperre|Oester Talsperre|Rönkhausen Oberbecken Pumpspeicherkraftwerk|Verse Talsperre,Glingebach|Verse|Lister|Oester|Bigge|Fuelbecke,9,1897,1969,,234.73,Water supply|Flood control|Recreational use|Energy production
DEA10710,,,0,,,0.0,0.0,
DEA10720,Jubach Talsperre,Jubach,1,1906,1906,0.11,1.05,Water supply
DEA10730,Glör Talsperre|Jubach Talsperre,Glör (Volme)|Jubach,2,1904,1906,0.33,3.06,Water supply|Recreational use|Flood control
DEA10750,Ennepe-Talsperre|Heilenbecke Talsperre,Ennepe|Heilenbecke,2,1896,1904,1.12,13.05,Water supply|Transport|Recreational use
DEA10760,Ennepe-Talsperre|Glör Talsperre|Hasper Talsperre|Heilenbecke Talsperre|Jubach Talsperre,Hasper Bach|Jubach|Heilenbecke|Glör (Volme)|Ennepe,5,1896,1906,1.64,18.08,Water supply|Transport|Recreational use|Flood control
DEA10780,,,0,,,0.0,0.0,
DEA10790,,,0,,,0.0,0.0,
DEA10800,,,0,,,0.0,0.0,
DEA10850,,,0,,,0.0,0.0,
DEA10860,,,0,,,0.0,0.0,
DEA10890,,,0,,,0.0,0.0,
DEA10900,,,0,,,0.0,0.0,
DEA10910,,,0,,,0.0,0.0,
DEA10920,Aabachtalsperre|Gollentaler Grund Hochwasserruckhaltebecken|Keddinghausen Hochwasserrückhaltebecken,Afte bzw. Wiele|Aabookach (Afte)|Afte,3,1976,1996,2.7,23.03,Water supply|Flood control
DEA10930,Aabachtalsperre|Gollentaler Grund Hochwasserruckhaltebecken|Keddinghausen Hochwasserrückhaltebecken,Afte bzw. Wiele|Aabookach (Afte)|Afte,3,1976,1996,2.7,23.03,Water supply|Flood control
DEA10940,Aabachtalsperre|Gollentaler Grund Hochwasserruckhaltebecken|Keddinghausen Hochwasserrückhaltebecken,Afte bzw. Wiele|Aabookach (Afte)|Afte,3,1976,1996,2.7,23.03,Water supply|Flood control
DEA10950,,,0,,,0.0,0.0,
DEA10960,,,0,,,0.0,0.0,
DEA10970,Borchen Hochwasserrückhaltebecken|Ebbinghausen Hochwasserruckhaltebecken|Husen-DalheimHochwasserruckhaltebecken|Sudheim Hochwasserrückhaltebecken,Altenau (Alme)|Ellerbach (Altenau)|Sauer (Altenau),4,1976,1984,2.08,13.08,Flood control
DEA10980,Aabachtalsperre|Borchen Hochwasserrückhaltebecken|Ebbinghausen Hochwasserruckhaltebecken|Gollentaler Grund Hochwasserruckhaltebecken|Husen-DalheimHochwasserruckhaltebecken|Keddinghausen Hochwasserrückhaltebecken|Sudheim Hochwasserrückhaltebecken,Afte bzw. Wiele|Aabookach (Afte)|Altenau (Alme)|Sauer (Altenau)|Afte|Ellerbach (Altenau),7,1976,1996,4.78,36.11,Water supply|Flood control
DEA10990,,,0,,,0.0,0.0,
DEA11010,Aabachtalsperre|Borchen Hochwasserrückhaltebecken|Ebbinghausen Hochwasserruckhaltebecken|Gollentaler Grund Hochwasserruckhaltebecken|Husen-DalheimHochwasserruckhaltebecken|Keddinghausen Hochwasserrückhaltebecken|Krumme Grund Hochwasserruckhaltebecken|Sudheim Hochwasserrückhaltebecken,Afte bzw. Wiele|Aabookach (Afte)|Altenau (Alme)|Sauer (Altenau)|Afte|Krumme Grund|Ellerbach (Altenau),8,1974,1996,4.92,36.76,Water supply|Flood control
DEA11040,Aabachtalsperre|Borchen Hochwasserrückhaltebecken|Ebbinghausen Hochwasserruckhaltebecken|Eringerfeld Hochwasserrückhaltebecken|Gollentaler Grund Hochwasserruckhaltebecken|Husen-DalheimHochwasserruckhaltebecken|Keddinghausen Hochwasserrückhaltebecken|Krumme Grund Hochwasserruckhaltebecken|Pöppelsche Hochwasserrückhaltebecken|Sudheim Hochwasserrückhaltebecken,Afte bzw. Wiele|Aabookach (Afte)|Altenau (Alme)|Sauer (Altenau)|Afte|Pöppelsche|Westerschledde|Ellerbach (Altenau)|Krumme Grund,10,1974,1996,5.37,39.41,Water supply|Flood control
DEA11050,,,0,,,0.0,0.0,
DEA11060,,,0,,,0.0,0.0,
DEA11090,Aabachtalsperre|Borchen Hochwasserrückhaltebecken|Ebbinghausen Hochwasserruckhaltebecken|Eringerfeld Hochwasserrückhaltebecken|Gollentaler Grund Hochwasserruckhaltebecken|Husen-DalheimHochwasserruckhaltebecken|Keddinghausen Hochwasserrückhaltebecken|Krumme Grund Hochwasserruckhaltebecken|Pöppelsche Hochwasserrückhaltebecken|Sudheim Hochwasserrückhaltebecken,Afte bzw. Wiele|Aabookach (Afte)|Altenau (Alme)|Sauer (Altenau)|Afte|Pöppelsche|Westerschledde|Ellerbach (Altenau)|Krumme Grund,10,1974,1996,5.37,39.41,Water supply|Flood control
DEA11100,,,0,,,0.0,0.0,
DEA11110,Bruchbachtal-BüderichHochwasserruckhaltebecken|Höhbergtal Hochwasserruckhaltebecken,Schellenbach (Salzbach)|namenloser Bach im Gerlinger Grund,2,1984,1987,0.34,0.99,Flood control
DEA11120,Bruchbachtal-BüderichHochwasserruckhaltebecken|Höhbergtal Hochwasserruckhaltebecken,Schellenbach (Salzbach)|namenloser Bach im Gerlinger Grund,2,1984,1987,0.34,0.99,Flood control
DEA11130,Aabachtalsperre|Borchen Hochwasserrückhaltebecken|Bruchbachtal-BüderichHochwasserruckhaltebecken|Ebbinghausen Hochwasserruckhaltebecken|Eringerfeld Hochwasserrückhaltebecken|Gollentaler Grund Hochwasserruckhaltebecken|Höhbergtal Hochwasserruckhaltebecken|Husen-DalheimHochwasserruckhaltebecken|Keddinghausen Hochwasserrückhaltebecken|Krumme Grund Hochwasserruckhaltebecken|Pöppelsche Hochwasserrückhaltebecken|Sudheim Hochwasserrückhaltebecken,Aabookach (Afte)|Afte bzw. Wiele|Altenau (Alme)|Sauer (Altenau)|Afte|Pöppelsche|Westerschledde|Ellerbach (Altenau)|namenloser Bach im Gerlinger Grund|Krumme Grund|Schellenbach (Salzbach),12,1974,1996,5.71,40.4,Water supply|Flood control
DEA11140,,,0,,,0.0,0.0,
DEA11160,,,0,,,0.0,0.0,
DEA11180,Aabachtalsperre|Borchen Hochwasserrückhaltebecken|Bruchbachtal-BüderichHochwasserruckhaltebecken|Ebbinghausen Hochwasserruckhaltebecken|Eringerfeld Hochwasserrückhaltebecken|Gollentaler Grund Hochwasserruckhaltebecken|Haltern Talsperre|Höhbergtal Hochwasserruckhaltebecken|Hullern Talsperre|Husen-DalheimHochwasserruckhaltebecken|Keddinghausen Hochwasserrückhaltebecken|Krumme Grund Hochwasserruckhaltebecken|Pöppelsche Hochwasserrückhaltebecken|Sudheim Hochwasserrückhaltebecken,Aabookach (Afte)|Afte bzw. Wiele|Altenau (Alme)|Sauer (Altenau)|Afte|Pöppelsche|Stever|Westerschledde|Ellerbach (Altenau)|namenloser Bach im Gerlinger Grund|Krumme Grund|Schellenbach (Salzbach),14,1930,1996,10.28,71.9,Water supply|Recreational use|Flood control
DEA11200,Aabachtalsperre|Borchen Hochwasserrückhaltebecken|Bruchbachtal-BüderichHochwasserruckhaltebecken|Ebbinghausen Hochwasserruckhaltebecken|Eringerfeld Hochwasserrückhaltebecken|Gollentaler Grund Hochwasserruckhaltebecken|Haltern Talsperre|Höhbergtal Hochwasserruckhaltebecken|Hullern Talsperre|Husen-DalheimHochwasserruckhaltebecken|Keddinghausen Hochwasserrückhaltebecken|Krumme Grund Hochwasserruckhaltebecken|Pöppelsche Hochwasserrückhaltebecken|Sudheim Hochwasserrückhaltebecken,Aabookach (Afte)|Afte bzw. Wiele|Altenau (Alme)|Sauer (Altenau)|Afte|Pöppelsche|Stever|Westerschledde|Ellerbach (Altenau)|namenloser Bach im Gerlinger Grund|Krumme Grund|Schellenbach (Salzbach),14,1930,1996,10.28,71.9,Water supply|Recreational use|Flood control
DEA11240,,,0,,,0.0,0.0,
DEA11260,,,0,,,0.0,0.0,
DEA11360,Wehebach Talsperre,Roter Wehebach Weißer Wehebach,1,1981,1981,1.7,25.06,Water supply|Transport|Industrial and agricultural water supply|Flood control
DEA11390,,,0,,,0.0,0.0,
DEA11410,,,0,,,0.0,0.0,
DEA11430,,,0,,,0.0,0.0,
DEA11440,,,0,,,0.0,0.0,
DEA11470,,,0,,,0.0,0.0,
DEA11490,,,0,,,0.0,0.0,
DEA11540,,,0,,,0.0,0.0,
DEA11620,,,0,,,0.0,0.0,
DEA11630,Steinhorst /EMS Hochwasserruckhaltebecken,Emse,1,1970,1970,0.15,2.3,Flood control
DEA11650,,,0,,,0.0,0.0,
DEA11670,,,0,,,0.0,0.0,
DEA11680,,,0,,,0.0,0.0,
DEA11690,,,0,,,0.0,0.0,
DEA11700,Steinhorst /EMS Hochwasserruckhaltebecken,Emse,1,1970,1970,0.15,2.3,Flood control
DEA11710,Steinhorst /EMS Hochwasserruckhaltebecken,Emse,1,1970,1970,0.15,2.3,Flood control
DEA11720,,,0,,,0.0,0.0,
DEA11730,,,0,,,0.0,0.0,
DEA11740,,,0,,,0.0,0.0,
DEA11750,,,0,,,0.0,0.0,
DEA11770,,,0,,,0.0,0.0,
DEA11790,,,0,,,0.0,0.0,
DEA11800,,,0,,,0.0,0.0,
DEA11810,,,0,,,0.0,0.0,
DEA11820,Schmala Talsperre,Schmala,1,1989,1989,,0.11,Water supply|Transport
DEA11830,Diemel Talsperre|Schmala Talsperre,Schmala|Diemel,2,1923,1989,,20.01,Energy production|Water supply|Transport|Flood control|Recreational use
DEA11840,Ehringen HWR|Twiste Talsperre,Twiste (Diemel)|Erpe,2,1981,2008,1.59,10.43,Energy production|Transport|Recreational use|Flood control
DEA11850,,,0,,,0.0,0.0,
DEA11860,,,0,,,0.0,0.0,
DEA11870,,,0,,,0.0,0.0,
DEA11880,,,0,,,0.0,0.0,
DEA11890,,,0,,,0.0,0.0,
DEA11900,,,0,,,0.0,0.0,
DEA11910,Schiedersee,Emmer,1,1983,1983,,5.0,Recreational use|Flood control
DEA11920,,,0,,,0.0,0.0,
DEA11930,,,0,,,0.0,0.0,
DEA11940,,,0,,,0.0,0.0,
DEA11950,,,0,,,0.0,0.0,
DEA11960,,,0,,,0.0,0.0,
DEA11970,,,0,,,0.0,0.0,
DEA11980,,,0,,,0.0,0.0,
DEA11990,,,0,,,0.0,0.0,
DEA12000,,,0,,,0.0,0.0,
DEA12010,,,0,,,0.0,0.0,
DEA12030,,,0,,,0.0,0.0,
DEA12040,,,0,,,0.0,0.0,
DEA12080,,,0,,,0.0,0.0,
DEA12100,,,0,,,0.0,0.0,
DEA12130,,,0,,,0.0,0.0,
DEA12140,,,0,,,0.0,0.0,
DEA12150,,,0,,,0.0,0.0,
DEA12160,,,0,,,0.0,0.0,
DEA12170,,,0,,,0.0,0.0,
DEA12180,,,0,,,0.0,0.0,
DEB10000,,,0,,,0.0,0.0,
DEB10010,,,0,,,0.0,0.0,
DEB10020,,,0,,,0.0,0.0,
DEB10030,,,0,,,0.0,0.0,
DEB10040,,,0,,,0.0,0.0,
DEB10060,,,0,,,0.0,0.0,
DEB10070,,,0,,,0.0,0.0,
DEB10080,,,0,,,0.0,0.0,
DEB10090,,,0,,,0.0,0.0,
DEB10100,,,0,,,0.0,0.0,
DEB10110,,,0,,,0.0,0.0,
DEB10120,,,0,,,0.0,0.0,
DEB10130,,,0,,,0.0,0.0,
DEB10140,,,0,,,0.0,0.0,
DEB10160,,,0,,,0.0,0.0,
DEB10170,,,0,,,0.0,0.0,
DEB10190,Bostalsee Talsperre,Bos (Nahe),1,1975,1975,1.2,8.0,Recreational use
DEB10200,Bostalsee Talsperre|Steinbach Talsperre (RP),Steinbach (Idar)|Bos (Nahe),2,1966,1975,1.53,12.83,Water supply|Recreational use|Energy production
DEB10210,Bostalsee Talsperre|Steinbach Talsperre (RP),Steinbach (Idar)|Bos (Nahe),2,1966,1975,1.53,12.83,Water supply|Recreational use|Energy production
DEB10220,Bostalsee Talsperre|Steinbach Talsperre (RP),Steinbach (Idar)|Bos (Nahe),2,1966,1975,1.53,12.83,Water supply|Recreational use|Energy production
DEB10230,,,0,,,0.0,0.0,
DEB10240,,,0,,,0.0,0.0,
DEB10260,Steinbach Talsperre (RP),Steinbach (Idar),1,1966,1966,0.33,4.83,Water supply|Energy production
DEB10270,,,0,,,0.0,0.0,
DEB10280,,,0,,,0.0,0.0,
DEB10290,,,0,,,0.0,0.0,
DEB10300,,,0,,,0.0,0.0,
DEB10310,,,0,,,0.0,0.0,
DEB10320,,,0,,,0.0,0.0,
DEB10330,,,0,,,0.0,0.0,
DEB10340,,,0,,,0.0,0.0,
DEB10350,,,0,,,0.0,0.0,
DEB10360,,,0,,,0.0,0.0,
DEB10380,,,0,,,0.0,0.0,
DEB10390,,,0,,,0.0,0.0,
DEB10400,,,0,,,0.0,0.0,
DEB10410,,,0,,,0.0,0.0,
DEB10420,Weilerbach Talsperre,Weilerbach (Mühlenbach),1,1975,1975,0.12,1.48,Recreational use
DEB10430,,,0,,,0.0,0.0,
DEB10450,,,0,,,0.0,0.0,
DEB10460,,,0,,,0.0,0.0,
DEB10470,,,0,,,0.0,0.0,
DEB10480,,,0,,,0.0,0.0,
DEB10490,,,0,,,0.0,0.0,
DEB10500,,,0,,,0.0,0.0,
DEB10510,,,0,,,0.0,0.0,
DEB10520,,,0,,,0.0,0.0,
DEB10530,,,0,,,0.0,0.0,
DEB10540,,,0,,,0.0,0.0,
DEB10550,,,0,,,0.0,0.0,
DEB10560,,,0,,,0.0,0.0,
DEB10570,,,0,,,0.0,0.0,
DEB10580,,,0,,,0.0,0.0,
DEB10590,,,0,,,0.0,0.0,
DEB10600,,,0,,,0.0,0.0,
DEB10610,Breitenbachtalsperre|Obernau Talsperre,Breitenbach (Ferndorfbach)|Tränkbach / Eisenbach,2,1956,1976,0.65,8.03,Water supply|Recreational use|Flood control
DEB10620,,,0,,,0.0,0.0,
DEB10630,,,0,,,0.0,0.0,
DEB10640,,,0,,,0.0,0.0,
DEB10650,,,0,,,0.0,0.0,
DEB10660,,,0,,,0.0,0.0,
DEB10680,,,0,,,0.0,0.0,
DEB10690,,,0,,,0.0,0.0,
DEB10700,,,0,,,0.0,0.0,
DEB10710,,,0,,,0.0,0.0,
DEB10720,Bostalsee Talsperre|Steinbach Talsperre (RP),Steinbach (Idar)|Bos (Nahe),2,1966,1975,1.53,12.83,Water supply|Recreational use|Energy production
DEB10730,,,0,,,0.0,0.0,
DEB10740,,,0,,,0.0,0.0,
DEB10750,,,0,,,0.0,0.0,
DEB10790,,,0,,,0.0,0.0,
DEB10800,,,0,,,0.0,0.0,
DEB10810,,,0,,,0.0,0.0,
DEB10820,,,0,,,0.0,0.0,
DEB10830,,,0,,,0.0,0.0,
DEB10840,,,0,,,0.0,0.0,
DEB10860,,,0,,,0.0,0.0,
DEB10870,,,0,,,0.0,0.0,
DEB10900,,,0,,,0.0,0.0,
DEB10910,,,0,,,0.0,0.0,
DEB10930,,,0,,,0.0,0.0,
DEB10940,BitburgStausee,Prüm,1,1972,1972,0.39,1.95,Flood control
DEB10950,,,0,,,0.0,0.0,
DEB10960,,,0,,,0.0,0.0,
DEB10970,,,0,,,0.0,0.0,
DEB10980,,,0,,,0.0,0.0,
DEB10990,,,0,,,0.0,0.0,
DEB11010,,,0,,,0.0,0.0,
DEB11020,Riveris Talsperre,Riveris,1,1958,1958,0.27,4.58,Water supply
DEB11030,,,0,,,0.0,0.0,
DEB11100,,,0,,,0.0,0.0,
DEB11110,,,0,,,0.0,0.0,
DEB11120,,,0,,,0.0,0.0,
DEB11130,,,0,,,0.0,0.0,
DEB11140,,,0,,,0.0,0.0,
DEB11150,,,0,,,0.0,0.0,
DEB11160,,,0,,,0.0,0.0,
DEB11170,,,0,,,0.0,0.0,
DEB11180,,,0,,,0.0,0.0,
DEB11190,,,0,,,0.0,0.0,
DEB11200,,,0,,,0.0,0.0,
DEB11210,,,0,,,0.0,0.0,
DEB11230,Weilerbach Talsperre,Weilerbach (Mühlenbach),1,1975,1975,0.12,1.48,Recreational use
DEC10000,,,0,,,0.0,0.0,
DEC10080,,,0,,,0.0,0.0,
DEC10100,,,0,,,0.0,0.0,
DEC10110,,,0,,,0.0,0.0,
DEC10120,,,0,,,0.0,0.0,
DEC10130,Losheimer StauseeTalsperre|Primstalsperre,Losheimer Bach|Prims,2,1974,1981,1.27,21.4,Industrial and agricultural water supply|Energy production|Water supply|Transport|Flood control|Recreational use
DEC10140,,,0,,,0.0,0.0,
DEC10150,,,0,,,0.0,0.0,
DEC10160,,,0,,,0.0,0.0,
DEC10200,Losheimer StauseeTalsperre|Primstalsperre,Losheimer Bach|Prims,2,1974,1981,1.27,21.4,Industrial and agricultural water supply|Energy production|Water supply|Transport|Flood control|Recreational use
DEC10210,,,0,,,0.0,0.0,
DEC10230,,,0,,,0.0,0.0,
DEC10240,,,0,,,0.0,0.0,
DEC10280,Losheimer StauseeTalsperre,Losheimer Bach,1,1974,1974,0.31,1.55,Recreational use
DEC10290,,,0,,,0.0,0.0,
DEC10300,,,0,,,0.0,0.0,
DEC10310,,,0,,,0.0,0.0,
DEC10320,,,0,,,0.0,0.0,
DEC10340,,,0,,,0.0,0.0,
DEC10350,,,0,,,0.0,0.0,
DEC10370,,,0,,,0.0,0.0,
DEC10380,,,0,,,0.0,0.0,
DEC10390,,,0,,,0.0,0.0,
DEC10410,,,0,,,0.0,0.0,
DEC10420,,,0,,,0.0,0.0,
DEC10430,,,0,,,0.0,0.0,
DEC10440,Losheimer StauseeTalsperre,Losheimer Bach,1,1974,1974,0.31,1.55,Recreational use
DED10050,EinsiedelTalsperre|Zwönitz,Niederer Halsbach|Stadtguttalbach,2,1894,1984,0.07,0.36,Water supply|Nature protection
DED10070,Cranzahl Talsperre,Lampertsbach. Moritzbach,1,1952,1952,0.28,3.1,Water supply
DED10220,,,0,,,0.0,0.0,
DED10240,Quitzdorf Talsperre|Reichendorf,Diehsaer Wasser|Schwarzer Schöps,2,1970,1972,8.15,22.43,Industrial and agricultural water supply|Recreational use|Flood control
DED10260,Zwönitz,Niederer Halsbach,1,1984,1984,0.03,0.06,Nature protection
DED10290,,,0,,,0.0,0.0,
DED10300,Borna Talsperre|Koberbach Talsperre|Regis-Serbitz Hochwasserrückhaltebecken|Schömbach Talsperre|Windischleuba  Talsperre|Großer Teich Eschefeld|Hegeteich Ossa|Seebischteich Geithain / Eschefeld|Crimmitschau|Stausee Rötha|Witznitz|Tautenhain|Lobstädt|Vorspree Koberbach,Koberbach|Sahnbach|Bach vom Großen Teich Eschefeld|Kleine Pleiße|Bei- leitung der Mulde|Namenloser Graben|Grenzgraben|Binnengraben|Pleiße|Eula|Wyhra,14,,,,147.17,Industrial and agricultural water supply|Water supply|Transport|Fishing|Flood control|Recreational use
DED10320,Oberer Pochwerksteich|Unterer Pochwerksteic,Kuhbach / Striegis|Großhartmannsdorfer Bach,2,1524,1570,,1.72,Nature protection|Industrial and agricultural water supply|Recreational use
DED10340,EinsiedelTalsperre|Stollberg Talsperre|Beuthenteich|Heiliger Teich|Altendorf|Zwönitz|Oberrabenstein,Unterer Querenbach|Oberer Querenbach|Beuthenbach|Niederer Halsbach|Stadtguttalbach|Forellenbach|Modau,7,1894,1994,0.44,2.07,Water supply|Nature protection|Fishing|Flood control
DED10400,Altenberg|Großer Galgenteich,Neugraben|Rote Weißeritz|Quer- graben|Quellgebiet Rote Weißeri,2,1553,1993,0.43,1.58,Water supply
DED10480,Langenwolmsdorf|Lauterbach,Langenwolms- dorfer Bach|Letschwasser,2,,,0.03,0.04,Recreational use
DED10530,,,0,,,0.0,0.0,
DED10620,Buschmühle|Wallroda,Niederauer Dorfbach|Steinbach,2,1750,1989,0.38,0.86,Fishing|Industrial and agricultural water supply|Recreational use|Energy production
DED10640,,,0,,,0.0,0.0,
DED10690,,,0,,,0.0,0.0,
DED10700,EinsiedelTalsperre|Stollberg Talsperre|Beuthenteich|Heiliger Teich|Altendorf|Zwönitz|Oberrabenstein,Unterer Querenbach|Oberer Querenbach|Beuthenbach|Niederer Halsbach|Stadtguttalbach|Forellenbach|Modau,7,1894,1994,0.44,2.07,Water supply|Nature protection|Fishing|Flood control
DED10830,Stollberg Talsperre|Beuthenteich|Heiliger Teich,Unterer Querenbach|Oberer Querenbach|Beuthenbach,3,1933,1954,0.21,1.23,Water supply
DED10860,,,0,,,0.0,0.0,
DED10890,,,0,,,0.0,0.0,
DED10920,Stollberg Talsperre|Beuthenteich|Heiliger Teich,Unterer Querenbach|Oberer Querenbach|Beuthenbach,3,1933,1954,0.21,1.23,Water supply
DED10970,,,0,,,0.0,0.0,
DED11050,Nauleis Talsperre|Radeburg II Talsperre|Brettmühlenteich Dobra|Buschmühle|Dammühlenteich Schönfeld|Dippelsdorfer Teich|Frauenteich Moritzburg|Mittelteich Moritzburg|Neuteich Kalkreuth|Niederer Großteich Bärnsdorf|Niederer Waldteich Volkersdorf|Oberer Großteich Moritzburg|Oberer Waldteich Volkersdorf|Wallroda|Radeburg I,Niederauer Dorfbach|Kettenbach|Springbach|Steinbach|Dobrabach|Lößnitzbach|Große Röder|Jähnertbach|Promnitz|Hopfenbach,15,,,7.22,15.3,Industrial and agricultural water supply|Energy production|Water supply|Fishing|Transport|Nature protection|Flood control|Recreational use
DED11120,,,0,,,0.0,0.0,
DED11150,Reinhardtsgrimma Hochwasserrückhaltebecken,Lockwitzbach,1,1969,1969,0.07,0.38,Flood control
DED11190,,,0,,,0.0,0.0,
DED11280,Müncherteich,Binnengraben,1,,,0.12,0.12,
DED11370,,,0,,,0.0,0.0,
DED11420,Döllnitzsee Talsperre|Horstsee(VS der TS Döllnitzsee)|Speicher Göttwitzsee,Döllnitz|Saubach,3,,,,4.49,Fishing|Industrial and agricultural water supply|Recreational use|Flood control
DED11450,,,0,,,0.0,0.0,
DED11460,Falkenstein Talsperre,Weiße Göltzsch,1,1975,1975,0.13,1.2,Industrial and agricultural water supply|Recreational use|Energy production
DED11480,Döllnitzsee Talsperre|Horstsee(VS der TS Döllnitzsee)|Speicher Göttwitzsee,Döllnitz|Saubach,3,,,,4.49,Fishing|Industrial and agricultural water supply|Recreational use|Flood control
DED11490,Langer Rodaer See,Wiltzschbach,1,,,0.19,0.19,Water supply
DED11510,Doktorteich|Drei Teiche|Häuschenteich|Zeisigteich|Kirchenteich,Finkelbächel|Mühlbach,5,,,0.76,1.34,Water supply
DED11540,Koberbach Talsperre|Vorspree Koberbach,Koberbach,2,1929,1972,0.49,2.69,Industrial and agricultural water supply|Recreational use|Flood control
DED11610,Goeda HRB|Karlsdorf|Nebelschütz|Schmölln|Knappenrode,Langes Wasser|Hoyerswerdaer Schwarzwasser|Schwarzwasser|Jauer,5,1953,1990,3.82,7.54,Industrial and agricultural water supply|Recreational use|Flood control
DED11620,,,0,,,0.0,0.0,
DED11640,,,0,,,0.0,0.0,
DED11660,,,0,,,0.0,0.0,
DED11690,,,0,,,0.0,0.0,
DED11720,Oberer Pochwerksteich|Unterer Pochwerksteic,Kuhbach / Striegis|Großhartmannsdorfer Bach,2,1524,1570,,1.72,Nature protection|Industrial and agricultural water supply|Recreational use
DED11790,Noschkowitz HRB|Baderitz / Zschaitz|Baderitz / Lüttewitz|Mochau,Rittmitzer Bach|Jahna|Schweimnitzer Bach,4,1949,1987,0.32,0.84,Fishing|Recreational use|Flood control
DED11810,,,0,,,0.0,0.0,
DED11820,Goeda HRB,Langes Wasser,1,1962,1962,0.3,0.42,Industrial and agricultural water supply|Flood control
DED11840,,,0,,,0.0,0.0,
DED11960,Goeda HRB|Karlsdorf|Schmölln,Langes Wasser|Hoyerswerdaer Schwarzwasser,3,1958,1962,0.53,0.89,Industrial and agricultural water supply|Flood control
DED11980,Buschmühle|Wallroda,Niederauer Dorfbach|Steinbach,2,1750,1989,0.38,0.86,Fishing|Industrial and agricultural water supply|Recreational use|Energy production
DED11990,Dippelsdorfer Teich|Frauenteich Moritzburg|Mittelteich Moritzburg|Niederer Großteich Bärnsdorf|Niederer Waldteich Volkersdorf|Oberer Großteich Moritzburg|Oberer Waldteich Volkersdorf,Jähnertbach|Promnitz|Lößnitzbach,7,1528,1550,2.37,2.63,Nature protection|Fishing|Recreational use
DED12030,,,0,,,0.0,0.0,
DED12100,Rennersdorf Hochwasserrückhaltebecken,Petersbach (Pließnitz),1,2008,2008,0.44,4.63,Flood control
DED12110,,,0,,,0.0,0.0,
DED12180,Falkenstein Talsperre,Weiße Göltzsch,1,1975,1975,0.13,1.2,Industrial and agricultural water supply|Recreational use|Energy production
DED12320,,,0,,,0.0,0.0,
DED12340,,,0,,,0.0,0.0,
DED12370,Noschkowitz HRB|Staucha Speicher|Baderitz / Zschaitz|Baderitz / Lüttewitz|Zschochau|Mochau|Striegnitz II (Roitzsch II),Rittmitzer Bach|Jahna|Schweimnitzer Bach|Mehltheuerbach (aus Quelle)|Stauchaer Bach|Birmenitzer Dorfbach,7,1949,1990,0.44,1.17,Fishing|Industrial and agricultural water supply|Recreational use|Flood control
DED12430,St. Egidien,Kuhschnappelbach,1,1962,1962,0.03,0.11,Industrial and agricultural water supply
DED12470,Schömbach Talsperre|Hegeteich Ossa,Grenzgraben|Wyhra,2,,,1.82,7.82,Water supply|Transport|Industrial and agricultural water supply|Flood control
DED12500,,,0,,,0.0,0.0,
DED12510,,,0,,,0.0,0.0,
DED12520,Rennersdorf Hochwasserrückhaltebecken|Bernstadt,Petersbach (Pließnitz)|Sandflössel,2,1972,2008,0.45,4.67,Flood control
DED12530,Dammühlenteich Frauwalde|Voigtshain,Lossabach,2,,,0.19,0.29,Fishing|Industrial and agricultural water supply|Recreational use
DED12570,Nebelschütz,Jauer,1,1990,1990,0.33,0.27,Recreational use
DED12660,,,0,,,0.0,0.0,
DED12680,,,0,,,0.0,0.0,
DED12710,Goeda HRB|Karlsdorf|Schmölln,Langes Wasser|Hoyerswerdaer Schwarzwasser,3,1958,1962,0.53,0.89,Industrial and agricultural water supply|Flood control
DEE10000,,,0,,,0.0,0.0,
DEE10010,,,0,,,0.0,0.0,
DEE10020,,,0,,,0.0,0.0,
DEE10030,,,0,,,0.0,0.0,
DEE10040,,,0,,,0.0,0.0,
DEE10050,,,0,,,0.0,0.0,
DEE10070,,,0,,,0.0,0.0,
DEE10090,,,0,,,0.0,0.0,
DEE10100,,,0,,,0.0,0.0,
DEE10120,,,0,,,0.0,0.0,
DEE10160,Angelrodaer|Birkungen|DachwigTalsperre|Frohndorftalsperre|Grossbrembach Talsperre|Heyda Talsperre|HopfgartenTalsperre|Iberg Hochwasserruckhaltebecken|Kelbra Talsperre|Luhne-Lengefeld Hochwasserrückhaltebecken|Lütsche Talsperre|Neustadt Talsperre|Ohra Talsperre|Schmalwasser Talsperre|Seebach Talsperre|Straußfurt Hochwasserrückhaltebecken|Tambach-Dietharz Talsperre|Vieselbach Talsperre|Vippachedelhausen Talsperre|Wechmar Talsperre|Speicher Wettelrode,Jordan (Gera)|Wipfra|Ohne (Wipper)|Lütsche|Schmallgraben|Scherkonde|Luhne|Schönbach|Schmalwasser|Vieselbach|Krebsbach (Thyra)|Helme|Gramme|Singelbach|Wolfsbach (Vippach)|Apfelstädt|Unstrut|Zahme Gera|Ohra,21,1728,2010,30.95,120.43,Industrial and agricultural water supply|Energy production|Water supply|Fishing|Transport|Nature protection|Flood control|Recreational use
DEE10170,Angelrodaer|Birkungen|DachwigTalsperre|Frohndorftalsperre|Grossbrembach Talsperre|Heyda Talsperre|HopfgartenTalsperre|Iberg Hochwasserruckhaltebecken|Kelbra Talsperre|Luhne-Lengefeld Hochwasserrückhaltebecken|Lütsche Talsperre|Neustadt Talsperre|Ohra Talsperre|Schmalwasser Talsperre|Seebach Talsperre|Straußfurt Hochwasserrückhaltebecken|Tambach-Dietharz Talsperre|Vieselbach Talsperre|Vippachedelhausen Talsperre|Wechmar Talsperre|Speicher Schmon|Speicher Wettelrode,Jordan (Gera)|Wipfra|Ohne (Wipper)|Lütsche|Schmallgraben|Scherkonde|Luhne|Schönbach|Schmalwasser|Vieselbach|Krebsbach (Thyra)|Helme|Gramme|Singelbach|Wolfsbach (Vippach)|Speicher Schmon|Apfelstädt|Unstrut|Zahme Gera|Ohra,22,1728,2010,30.97,120.49,Industrial and agricultural water supply|Energy production|Water supply|Fishing|Transport|Nature protection|Flood control|Recreational use
DEE10190,,,0,,,0.0,0.0,
DEE10200,Iberg Hochwasserruckhaltebecken|Kelbra Talsperre|Neustadt Talsperre,Krebsbach (Thyra)|Helme,3,1905,1966,14.47,38.05,Water supply|Industrial and agricultural water supply|Recreational use|Flood control
DEE10210,,,0,,,0.0,0.0,
DEE10230,,,0,,,0.0,0.0,
DEE10240,Speicher Wettelrode,Schönbach,1,1728,1728,0.02,0.18,Transport|Fishing|Recreational use|Flood control
DEE10250,,,0,,,0.0,0.0,
DEE10260,,,0,,,0.0,0.0,
DEE10270,,,0,,,0.0,0.0,
DEE10280,,,0,,,0.0,0.0,
DEE10290,,,0,,,0.0,0.0,
DEE10310,,,0,,,0.0,0.0,
DEE10340,,,0,,,0.0,0.0,
DEE10350,,,0,,,0.0,0.0,
DEE10360,,,0,,,0.0,0.0,
DEE10370,,,0,,,0.0,0.0,
DEE10380,,,0,,,0.0,0.0,
DEE10390,,,0,,,0.0,0.0,
DEE10400,,,0,,,0.0,0.0,
DEE10410,,,0,,,0.0,0.0,
DEE10420,Wippra Talsperre,Wipper (Saale),1,1952,1952,0.3,2.0,Flood control|Transport|Recreational use|Energy production
DEE10430,Wippra Talsperre|Kunstteich Neudorf,no name|Wipper (Saale),2,1800,1952,0.32,2.1,Energy production|Fishing|Transport|Flood control|Recreational use
DEE10440,Wippra Talsperre|Kunstteich Neudorf,no name|Wipper (Saale),2,1800,1952,0.32,2.1,Energy production|Fishing|Transport|Flood control|Recreational use
DEE10450,Wippra Talsperre|Kunstteich Neudorf,no name|Wipper (Saale),2,1800,1952,0.32,2.1,Energy production|Fishing|Transport|Flood control|Recreational use
DEE10460,,,0,,,0.0,0.0,
DEE10470,,,0,,,0.0,0.0,
DEE10480,,,0,,,0.0,0.0,
DEE10520,Königshütte Talsperre|Kalte Bode Hochwasserschutzbecken,Kalte Bode|Bode,2,1956,1957,0.83,6.12,Water supply|Flood control|Transport|Energy production
DEE10530,Hassel Vorspree|Königshütte Talsperre|Kalte Bode Hochwasserschutzbecken|Rappbode Vorsperre|Rappbode Talsperre|Wendefurth Talsperre,Rappbode|Kalte Bode|Bode|Hassel,6,1956,1969,5.55,124.44,Water supply|Flood control|Transport|Energy production
DEE10540,Hassel Vorspree|Königshütte Talsperre|Kalte Bode Hochwasserschutzbecken|Rappbode Vorsperre|Rappbode Talsperre|Wendefurth Talsperre|Wendefurth Puumpspeicher,Rappbode|Kalte Bode|Bode|Hassel,7,1956,1969,6.33,131.64,Energy production|Water supply|Transport|Flood control|Recreational use
DEE10550,Großer SiebersteinteichTalsperre|Hassel Vorspree|Königshütte Talsperre|Kalte Bode Hochwasserschutzbecken|Rappbode Vorsperre|Rappbode Talsperre|Wendefurth Talsperre|Wendefurth Puumpspeicher|Kleiner Siebersteinsteich|Neuer Teich (Gernrode),Hagentalbach|Kalte Bode|Hassel|Bode|Rappbode|Siebersteinsbach,10,1700,1969,6.4,131.94,Energy production|Water supply|Transport|Fishing|Flood control|Recreational use
DEE10560,Kunstteich Ballenstedt|Birnbaumteich|FrankenteichTalsperre|Großer SiebersteinteichTalsperre|Hassel Vorspree|Kiliansteich Talsperre|Kiliansteich Vorsperre|Königshütte Talsperre|Kalte Bode Hochwasserschutzbecken|Rappbode Vorsperre|Rappbode Talsperre|Teufelsteich Talsperre|Wendefurth Talsperre|Wendefurth Puumpspeicher|Kleiner Siebersteinsteich|Neuer Teich (Gernrode)|Mühlenteich (Günthersberge)|Fürstenteich|Erichsburger Teich|Bremer Teich|Bergrat-Müller-Teich,Birnbaumgraben|Hagentalbach|Selke|Kalte Bode|Büschengraben|Hassel|Friedenstalbach|Teufelsgrundbach|Bode|Rappbode|Graben|Sauerbach (Selke)|Rödelbachgraben (Selke)|Siebersteinsbach,21,1610,1994,,134.91,Energy production|Water supply|Transport|Fishing|Flood control|Recreational use
DEE10570,Kunstteich Ballenstedt|Birnbaumteich|FrankenteichTalsperre|Großer SiebersteinteichTalsperre|Hassel Vorspree|Kiliansteich Talsperre|Kiliansteich Vorsperre|Königshütte Talsperre|Kalte Bode Hochwasserschutzbecken|Rappbode Vorsperre|Rappbode Talsperre|Teufelsteich Talsperre|Wendefurth Talsperre|Wendefurth Puumpspeicher|Zillierbach Talsperre|Kleiner Siebersteinsteich|Neuer Teich (Gernrode)|Mühlenteich (Günthersberge)|Fürstenteich|Erichsburger Teich|Bremer Teich|Bergrat-Müller-Teich,Birnbaumgraben|Hagentalbach|Selke|Kalte Bode|Büschengraben|Hassel|Friedenstalbach|Teufelsgrundbach|Bode|Rappbode|Zillierbach|Graben|Sauerbach (Selke)|Rödelbachgraben (Selke)|Siebersteinsbach,22,1610,1994,,137.74,Energy production|Water supply|Transport|Fishing|Flood control|Recreational use
DEE10580,Kunstteich Ballenstedt|Birnbaumteich|FrankenteichTalsperre|Großer SiebersteinteichTalsperre|Hassel Vorspree|Kiliansteich Talsperre|Kiliansteich Vorsperre|Königshütte Talsperre|Kalte Bode Hochwasserschutzbecken|Rappbode Vorsperre|Rappbode Talsperre|Teufelsteich Talsperre|Wendefurth Talsperre|Wendefurth Puumpspeicher|Zillierbach Talsperre|Kleiner Siebersteinsteich|Neuer Teich (Gernrode)|Mühlenteich (Günthersberge)|Fürstenteich|Erichsburger Teich|Bremer Teich|Bergrat-Müller-Teich,Birnbaumgraben|Hagentalbach|Selke|Kalte Bode|Büschengraben|Hassel|Friedenstalbach|Teufelsgrundbach|Bode|Rappbode|Zillierbach|Graben|Sauerbach (Selke)|Rödelbachgraben (Selke)|Siebersteinsbach,22,1610,1994,,137.74,Energy production|Water supply|Transport|Fishing|Flood control|Recreational use
DEE10590,,,0,,,0.0,0.0,
DEE10600,,,0,,,0.0,0.0,
DEE10610,,,0,,,0.0,0.0,
DEE10620,Kalte Bode Hochwasserschutzbecken,Kalte Bode,1,1957,1957,0.54,4.92,Flood control
DEE10630,,,0,,,0.0,0.0,
DEE10640,,,0,,,0.0,0.0,
DEE10660,Mühlenteich (Günthersberge),Selke,1,1752,1752,0.06,0.02,Transport|Fishing|Recreational use|Flood control
DEE10670,Birnbaumteich|FrankenteichTalsperre|Kiliansteich Talsperre|Kiliansteich Vorsperre|Teufelsteich Talsperre|Mühlenteich (Günthersberge)|Fürstenteich,Birnbaumgraben|Selke|Büschengraben|Teufelsgrundbach|Rödelbachgraben (Selke),7,1610,1994,,2.61,Water supply|Transport|Fishing|Flood control|Recreational use
DEE10680,Birnbaumteich|FrankenteichTalsperre|Kiliansteich Talsperre|Kiliansteich Vorsperre|Teufelsteich Talsperre|Mühlenteich (Günthersberge)|Fürstenteich|Erichsburger Teich|Bremer Teich|Bergrat-Müller-Teich,Birnbaumgraben|Selke|Friedenstalbach|Büschengraben|Teufelsgrundbach|Graben|Rödelbachgraben (Selke),10,1610,1994,,2.81,Water supply|Transport|Fishing|Flood control|Recreational use
DEE10690,Kunstteich Ballenstedt|Birnbaumteich|FrankenteichTalsperre|Kiliansteich Talsperre|Kiliansteich Vorsperre|Teufelsteich Talsperre|Mühlenteich (Günthersberge)|Fürstenteich|Erichsburger Teich|Bremer Teich|Bergrat-Müller-Teich,Birnbaumgraben|Selke|Friedenstalbach|Büschengraben|Teufelsgrundbach|Graben|Sauerbach (Selke)|Rödelbachgraben (Selke),11,1610,1994,,2.97,Water supply|Transport|Fishing|Flood control|Recreational use
DEE10700,,,0,,,0.0,0.0,
DEE10710,,,0,,,0.0,0.0,
DEE10720,,,0,,,0.0,0.0,
DEE10730,Zillierbach Talsperre,Zillierbach,1,1936,1936,0.23,2.83,Water supply|Flood control
DEE10740,Zillierbach Talsperre,Zillierbach,1,1936,1936,0.23,2.83,Water supply|Flood control
DEE10760,Zillierbach Talsperre,Zillierbach,1,1936,1936,0.23,2.83,Water supply|Flood control
DEE10790,,,0,,,0.0,0.0,
DEE10810,,,0,,,0.0,0.0,
DEE10830,,,0,,,0.0,0.0,
DEE10840,,,0,,,0.0,0.0,
DEE10850,,,0,,,0.0,0.0,
DEE10880,,,0,,,0.0,0.0,
DEE10890,,,0,,,0.0,0.0,
DEE10900,,,0,,,0.0,0.0,
DEE10910,,,0,,,0.0,0.0,
DEE10920,,,0,,,0.0,0.0,
DEE10930,,,0,,,0.0,0.0,
DEE10940,,,0,,,0.0,0.0,
DEE10950,,,0,,,0.0,0.0,
DEE10960,,,0,,,0.0,0.0,
DEE10970,,,0,,,0.0,0.0,
DEE10980,,,0,,,0.0,0.0,
DEE11020,,,0,,,0.0,0.0,
DEE11030,,,0,,,0.0,0.0,
DEE11050,,,0,,,0.0,0.0,
DEE11060,,,0,,,0.0,0.0,
DEE11070,,,0,,,0.0,0.0,
DEE11090,,,0,,,0.0,0.0,
DEE11100,,,0,,,0.0,0.0,
DEE11110,,,0,,,0.0,0.0,
DEE11120,,,0,,,0.0,0.0,
DEE11130,,,0,,,0.0,0.0,
DEE11140,,,0,,,0.0,0.0,
DEE11150,,,0,,,0.0,0.0,
DEE11160,,,0,,,0.0,0.0,
DEE11170,,,0,,,0.0,0.0,
DEE11200,,,0,,,0.0,0.0,
DEE11210,,,0,,,0.0,0.0,
DEE11220,,,0,,,0.0,0.0,
DEE11230,,,0,,,0.0,0.0,
DEE11250,,,0,,,0.0,0.0,
DEF10110,,,0,,,0.0,0.0,
DEF10160,,,0,,,0.0,0.0,
DEF10190,,,0,,,0.0,0.0,
DEF10220,,,0,,,0.0,0.0,
DEF10230,,,0,,,0.0,0.0,
DEF10240,,,0,,,0.0,0.0,
DEF10250,,,0,,,0.0,0.0,
DEF10280,,,0,,,0.0,0.0,
DEF10380,,,0,,,0.0,0.0,
DEF10440,,,0,,,0.0,0.0,
DEF10460,,,0,,,0.0,0.0,
DEF10480,,,0,,,0.0,0.0,
DEF10510,,,0,,,0.0,0.0,
DEF10600,,,0,,,0.0,0.0,
DEF10640,,,0,,,0.0,0.0,
DEF10670,,,0,,,0.0,0.0,
DEF10710,,,0,,,0.0,0.0,
DEF10720,,,0,,,0.0,0.0,
DEF10790,,,0,,,0.0,0.0,
DEF10830,,,0,,,0.0,0.0,
DEF10920,,,0,,,0.0,0.0,
DEF10930,,,0,,,0.0,0.0,
DEF10980,,,0,,,0.0,0.0,
DEF11020,,,0,,,0.0,0.0,
DEF11050,,,0,,,0.0,0.0,
DEF11060,,,0,,,0.0,0.0,
DEF11070,,,0,,,0.0,0.0,
DEF11220,,,0,,,0.0,0.0,
DEF11240,,,0,,,0.0,0.0,
DEF11250,,,0,,,0.0,0.0,
DEF11280,,,0,,,0.0,0.0,
DEF11310,,,0,,,0.0,0.0,
DEF11320,,,0,,,0.0,0.0,
DEF11360,,,0,,,0.0,0.0,
DEF11420,,,0,,,0.0,0.0,
DEF11430,,,0,,,0.0,0.0,
DEF11510,,,0,,,0.0,0.0,
DEF11570,,,0,,,0.0,0.0,
DEF11730,,,0,,,0.0,0.0,
DEF11750,,,0,,,0.0,0.0,
DEF11760,,,0,,,0.0,0.0,
DEF11770,,,0,,,0.0,0.0,
DEF11780,,,0,,,0.0,0.0,
DEF11820,,,0,,,0.0,0.0,
DEF11900,,,0,,,0.0,0.0,
DEF11950,,,0,,,0.0,0.0,
DEF11970,,,0,,,0.0,0.0,
DEF12040,,,0,,,0.0,0.0,
DEF12080,,,0,,,0.0,0.0,
DEF12090,,,0,,,0.0,0.0,
DEF12170,,,0,,,0.0,0.0,
DEF12200,,,0,,,0.0,0.0,
DEF12210,,,0,,,0.0,0.0,
DEF12330,,,0,,,0.0,0.0,
DEF12340,,,0,,,0.0,0.0,
DEF12360,,,0,,,0.0,0.0,
DEF12450,,,0,,,0.0,0.0,
DEF12460,,,0,,,0.0,0.0,
DEF12540,,,0,,,0.0,0.0,
DEF12550,,,0,,,0.0,0.0,
DEF12650,,,0,,,0.0,0.0,
DEF12680,,,0,,,0.0,0.0,
DEF12700,,,0,,,0.0,0.0,
DEF12710,,,0,,,0.0,0.0,
DEF12720,,,0,,,0.0,0.0,
DEF12730,,,0,,,0.0,0.0,
DEF12770,,,0,,,0.0,0.0,
DEF12830,,,0,,,0.0,0.0,
DEF12840,,,0,,,0.0,0.0,
DEF12940,,,0,,,0.0,0.0,
DEF12960,,,0,,,0.0,0.0,
DEF12980,,,0,,,0.0,0.0,
DEF13040,,,0,,,0.0,0.0,
DEF13080,,,0,,,0.0,0.0,
DEF13090,,,0,,,0.0,0.0,
DEF13110,,,0,,,0.0,0.0,
DEF13120,,,0,,,0.0,0.0,
DEF13130,,,0,,,0.0,0.0,
DEF13180,,,0,,,0.0,0.0,
DEF13200,,,0,,,0.0,0.0,
DEF13210,,,0,,,0.0,0.0,
DEF13240,,,0,,,0.0,0.0,
DEF13250,,,0,,,0.0,0.0,
DEF13390,,,0,,,0.0,0.0,
DEF13410,,,0,,,0.0,0.0,
DEF13450,,,0,,,0.0,0.0,
DEF13480,,,0,,,0.0,0.0,
DEF13490,,,0,,,0.0,0.0,
DEF13560,,,0,,,0.0,0.0,
DEF13580,,,0,,,0.0,0.0,
DEF13590,,,0,,,0.0,0.0,
DEF13620,,,0,,,0.0,0.0,
DEF13680,,,0,,,0.0,0.0,
DEF13710,,,0,,,0.0,0.0,
DEF13760,,,0,,,0.0,0.0,
DEF13790,,,0,,,0.0,0.0,
DEF13980,,,0,,,0.0,0.0,
DEF14050,,,0,,,0.0,0.0,
DEF14080,,,0,,,0.0,0.0,
DEF14090,,,0,,,0.0,0.0,
DEF14110,,,0,,,0.0,0.0,
DEF14120,,,0,,,0.0,0.0,
DEF14130,,,0,,,0.0,0.0,
DEF14170,,,0,,,0.0,0.0,
DEF14200,,,0,,,0.0,0.0,
DEF14230,,,0,,,0.0,0.0,
DEF14320,,,0,,,0.0,0.0,
DEF14350,,,0,,,0.0,0.0,
DEF14440,,,0,,,0.0,0.0,
DEF14500,,,0,,,0.0,0.0,
DEF14550,,,0,,,0.0,0.0,
DEF14580,,,0,,,0.0,0.0,
DEF14770,,,0,,,0.0,0.0,
DEF14820,,,0,,,0.0,0.0,
DEF14840,,,0,,,0.0,0.0,
DEF14890,,,0,,,0.0,0.0,
DEF14940,,,0,,,0.0,0.0,
DEF14990,,,0,,,0.0,0.0,
DEF15060,,,0,,,0.0,0.0,
DEF15070,,,0,,,0.0,0.0,
DEF15080,,,0,,,0.0,0.0,
DEG10000,Luhne-Lengefeld Hochwasserrückhaltebecken,Luhne,1,1955,1955,0.16,1.07,Flood control
DEG10010,,,0,,,0.0,0.0,
DEG10020,Angelrodaer|Lütsche Talsperre,Lütsche|Zahme Gera,2,1938,2010,0.49,1.43,Energy production|Recreational use|Flood control
DEG10050,,,0,,,0.0,0.0,
DEG10060,Erletor Talsperre|Grimmelshausen Hochwasserrückhaltebecken|Ratscher talsperre|Schönbrunn talsperre,Schleuse|Finstere Erle|Schleuse bzw. Böse Schleuse|Werra,4,1968,1990,2.82,30.43,Water supply|Flood control
DEG10080,,,0,,,0.0,0.0,
DEG10090,Heyda Talsperre,Wipfra,1,1988,1988,0.95,4.95,Industrial and agricultural water supply
DEG10100,,,0,,,0.0,0.0,
DEG10110,,,0,,,0.0,0.0,
DEG10120,Auma/Eisenhammer Talsperre,Auma,1,1936,1936,0.13,0.57,Industrial and agricultural water supply|Recreational use|Flood control
DEG10130,,,0,,,0.0,0.0,
DEG10140,,,0,,,0.0,0.0,
DEG10150,Angelrodaer|Heyda Talsperre|Lütsche Talsperre|Ohra Talsperre|Schmalwasser Talsperre|Tambach-Dietharz Talsperre|Wechmar Talsperre,Wipfra|Apfelstädt|Lütsche|Schmalwasser|Schmallgraben|Zahme Gera|Ohra,7,1905,2010,3.6,46.78,Industrial and agricultural water supply|Energy production|Water supply|Nature protection|Flood control|Recreational use
DEG10160,Erletor Talsperre|Grimmelshausen Hochwasserrückhaltebecken|Ratscher talsperre|Schönbrunn talsperre,Schleuse|Finstere Erle|Schleuse bzw. Böse Schleuse|Werra,4,1968,1990,2.82,30.43,Water supply|Flood control
DEG10170,Triptis Talsperre,Orla,1,1980,1980,0.14,0.48,Transport|Industrial and agricultural water supply|Recreational use|Flood control
DEG10200,Schmalwasser Talsperre|Tambach-Dietharz Talsperre,Apfelstädt|Schmalwasser,2,1905,1993,0.91,21.32,Water supply|Flood control
DEG10220,,,0,,,0.0,0.0,
DEG10230,Erletor Talsperre|Grimmelshausen Hochwasserrückhaltebecken|Ratscher talsperre|Schönbrunn talsperre,Schleuse|Finstere Erle|Schleuse bzw. Böse Schleuse|Werra,4,1968,1990,2.82,30.43,Water supply|Flood control
DEG10240,Koberbach Talsperre|Crimmitschau|Vorspree Koberbach,Koberbach|Sahnbach,3,1929,1981,0.51,2.74,Industrial and agricultural water supply|Recreational use|Flood control
DEG10250,,,0,,,0.0,0.0,
DEG10270,,,0,,,0.0,0.0,
DEG10280,Birkungen,Ohne (Wipper),1,1985,1985,0.35,1.2,Transport|Industrial and agricultural water supply
DEG10290,,,0,,,0.0,0.0,
DEG10300,,,0,,,0.0,0.0,
DEG10310,,,0,,,0.0,0.0,
DEG10320,Ohra Talsperre|Schmalwasser Talsperre|Tambach-Dietharz Talsperre|Wechmar Talsperre,Apfelstädt|Schmallgraben|Schmalwasser|Ohra,4,1905,1993,2.16,40.4,Water supply|Nature protection|Industrial and agricultural water supply|Flood control
DEG10330,Farmdenkopf Becken Pumpspeicherbecken|Goldisthal Oberes Schwarzatal Talsperre|Gräftiegelsperre Vorsperre|Scheibe-Alsbach Talsperre,Schwarza (Saale),4,1944,2003,1.65,33.65,Water supply|Transport|Energy production
DEG10350,,,0,,,0.0,0.0,
DEG10360,,,0,,,0.0,0.0,
DEG10370,Erletor Talsperre|Grimmelshausen Hochwasserrückhaltebecken|Ratscher talsperre|Schönbrunn talsperre,Schleuse|Finstere Erle|Schleuse bzw. Böse Schleuse|Werra,4,1968,1990,2.82,30.43,Water supply|Flood control
DEG10380,Hohenfelden Talsperre,Krummbach (Ilm),1,1966,1966,0.44,,Recreational use
DEG10390,,,0,,,0.0,0.0,
DEG10400,Lössau Talsperre,Wisenta,1,1984,1984,0.36,1.24,Water supply|Flood control
DEG10410,,,0,,,0.0,0.0,
DEG10420,Luhne-Lengefeld Hochwasserrückhaltebecken|Seebach Talsperre,Luhne|Singelbach,2,1955,1976,1.21,6.02,Industrial and agricultural water supply|Flood control
DEG10430,Hohenfelden Talsperre,Krummbach (Ilm),1,1966,1966,0.44,,Recreational use
DEG10440,,,0,,,0.0,0.0,
DEG10450,Angelrodaer|Birkungen|DachwigTalsperre|Frohndorftalsperre|Grossbrembach Talsperre|Heyda Talsperre|HopfgartenTalsperre|Luhne-Lengefeld Hochwasserrückhaltebecken|Lütsche Talsperre|Ohra Talsperre|Schmalwasser Talsperre|Seebach Talsperre|Straußfurt Hochwasserrückhaltebecken|Tambach-Dietharz Talsperre|Vieselbach Talsperre|Vippachedelhausen Talsperre|Wechmar Talsperre,Wolfsbach (Vippach)|Jordan (Gera)|Wipfra|Ohne (Wipper)|Lütsche|Schmalwasser|Scherkonde|Apfelstädt|Schmallgraben|Unstrut|Zahme Gera|Luhne|Ohra|Gramme|Vieselbach|Singelbach,17,1905,2010,16.46,82.19,Industrial and agricultural water supply|Energy production|Water supply|Fishing|Transport|Nature protection|Flood control|Recreational use
DEG10460,,,0,,,0.0,0.0,
DEG10470,Erletor Talsperre|Ratscher talsperre|Schönbrunn talsperre,Schleuse|Finstere Erle|Schleuse bzw. Böse Schleuse,3,1968,1983,1.97,28.58,Water supply|Flood control
DEG10510,Erletor Talsperre,Finstere Erle,1,1968,1968,0.05,0.43,Water supply
DEG10520,Deesbach Vorsperre|Leibis-LichteTalsperre|Farmdenkopf Becken Pumpspeicherbecken|Goldisthal Oberes Schwarzatal Talsperre|Gräftiegelsperre Vorsperre|Scheibe-Alsbach Talsperre,Schwarza (Saale)|Lichte,6,1944,2005,3.04,75.74,Water supply|Energy production|Transport|Flood control
DEG10530,,,0,,,0.0,0.0,
DEG10540,Angelrodaer|DachwigTalsperre|Heyda Talsperre|Luhne-Lengefeld Hochwasserrückhaltebecken|Lütsche Talsperre|Ohra Talsperre|Schmalwasser Talsperre|Seebach Talsperre|Straußfurt Hochwasserrückhaltebecken|Tambach-Dietharz Talsperre|Wechmar Talsperre,Jordan (Gera)|Wipfra|Apfelstädt|Lütsche|Schmalwasser|Schmallgraben|Unstrut|Zahme Gera|Luhne|Ohra|Singelbach,11,1905,2010,14.77,73.5,Industrial and agricultural water supply|Energy production|Water supply|Nature protection|Flood control|Recreational use
DEG10550,,,0,,,0.0,0.0,
DEG10560,,,0,,,0.0,0.0,
DEG10580,,,0,,,0.0,0.0,
DEG10590,Erletor Talsperre|Grimmelshausen Hochwasserrückhaltebecken|Ratscher talsperre|Schönbrunn talsperre,Schleuse|Finstere Erle|Schleuse bzw. Böse Schleuse|Werra,4,1968,1990,2.82,30.43,Water supply|Flood control
DEG10600,,,0,,,0.0,0.0,
DEG10610,Hohenleuben talsperre|Weida Talsperre|Zeulenrodaer Talsperre,Weida (Weiße Elster)|Leuba,3,1956,1982,17.77,36.31,Water supply|Industrial and agricultural water supply|Flood control
DEG10620,Birkungen,Ohne (Wipper),1,1985,1985,0.35,1.2,Transport|Industrial and agricultural water supply
